-- phpMyAdmin SQL Dump
-- version 4.8.3
-- https://www.phpmyadmin.net/
--
-- Host: 127.0.0.1
-- Generation Time: Jan 10, 2020 at 05:47 AM
-- Server version: 10.1.35-MariaDB
-- PHP Version: 7.2.9

SET SQL_MODE = "NO_AUTO_VALUE_ON_ZERO";
SET AUTOCOMMIT = 0;
START TRANSACTION;
SET time_zone = "+00:00";


/*!40101 SET @OLD_CHARACTER_SET_CLIENT=@@CHARACTER_SET_CLIENT */;
/*!40101 SET @OLD_CHARACTER_SET_RESULTS=@@CHARACTER_SET_RESULTS */;
/*!40101 SET @OLD_COLLATION_CONNECTION=@@COLLATION_CONNECTION */;
/*!40101 SET NAMES utf8mb4 */;

--
-- Database: `u306375126_silverglen`
--

-- --------------------------------------------------------

--
-- Table structure for table `admins`
--

CREATE TABLE `admins` (
  `id` int(11) NOT NULL,
  `firstname` varchar(255) NOT NULL,
  `lastname` varchar(255) NOT NULL,
  `unitno` varchar(255) NOT NULL,
  `email` varchar(255) NOT NULL,
  `password` varchar(255) NOT NULL,
  `username` varchar(255) NOT NULL,
  `contactno` varchar(255) NOT NULL,
  `altcontactno` varchar(255) NOT NULL
) ENGINE=InnoDB DEFAULT CHARSET=latin1;

--
-- Dumping data for table `admins`
--

INSERT INTO `admins` (`id`, `firstname`, `lastname`, `unitno`, `email`, `password`, `username`, `contactno`, `altcontactno`) VALUES
(1, 'Duane', 'DeSalvo', 'E302', 'duane.desalvo@gmail.com', 'admin', 'admin', '306065801', '507064834');

-- --------------------------------------------------------

--
-- Table structure for table `chef`
--

CREATE TABLE `chef` (
  `id` int(11) NOT NULL,
  `chefname` varchar(255) NOT NULL,
  `contactno` varchar(255) NOT NULL,
  `altcontactno` varchar(255) NOT NULL,
  `email` varchar(255) NOT NULL,
  `password` varchar(255) NOT NULL
) ENGINE=InnoDB DEFAULT CHARSET=latin1;

--
-- Dumping data for table `chef`
--

INSERT INTO `chef` (`id`, `chefname`, `contactno`, `altcontactno`, `email`, `password`) VALUES
(1, 'chef2', '423', '2345', 'another@chef.com', 'chef2'),
(3, 'chef', '324', 'asd', 'test@chef.com', 'chef');

-- --------------------------------------------------------

--
-- Table structure for table `dinertype`
--

CREATE TABLE `dinertype` (
  `dinerid` int(11) NOT NULL,
  `dinername` varchar(255) NOT NULL
) ENGINE=InnoDB DEFAULT CHARSET=latin1;

--
-- Dumping data for table `dinertype`
--

INSERT INTO `dinertype` (`dinerid`, `dinername`) VALUES
(1, 'member'),
(2, 'guest'),
(3, 'freediner');

-- --------------------------------------------------------

--
-- Table structure for table `diningdates`
--

CREATE TABLE `diningdates` (
  `id` int(11) NOT NULL,
  `diningdate` date NOT NULL,
  `diningtime` time NOT NULL,
  `status` varchar(255) NOT NULL
) ENGINE=InnoDB DEFAULT CHARSET=latin1;

--
-- Dumping data for table `diningdates`
--

INSERT INTO `diningdates` (`id`, `diningdate`, `diningtime`, `status`) VALUES
(1, '2020-01-13', '19:30:00', 'enabled'),
(2, '2020-01-13', '20:30:00', 'enabled'),
(3, '2020-01-14', '17:30:00', 'enabled'),
(4, '2020-01-15', '19:30:00', 'enabled');

-- --------------------------------------------------------

--
-- Table structure for table `dish`
--

CREATE TABLE `dish` (
  `id` int(11) NOT NULL,
  `dishname` varchar(255) NOT NULL,
  `dishdescription` varchar(255) NOT NULL
) ENGINE=InnoDB DEFAULT CHARSET=latin1;

--
-- Dumping data for table `dish`
--

INSERT INTO `dish` (`id`, `dishname`, `dishdescription`) VALUES
(34, 'Bread Basket', 'Varied collection of breads.Includes Baguettes,Brown,white,bread sticks'),
(35, 'Apple Pie', 'Cheese Pie!'),
(36, 'Pasta Bolognese', 'Sauce reduced in scruptious italian pasta with ground beef and basil'),
(37, 'Tawa Shawarma', 'It\'s a snack!'),
(38, 'Tuna Sandwich', 'Delicious!');

-- --------------------------------------------------------

--
-- Table structure for table `host`
--

CREATE TABLE `host` (
  `id` int(11) NOT NULL,
  `hostname` varchar(255) NOT NULL,
  `contactno` varchar(255) NOT NULL,
  `altcontactno` varchar(255) NOT NULL,
  `email` varchar(255) NOT NULL,
  `password` varchar(255) NOT NULL
) ENGINE=InnoDB DEFAULT CHARSET=latin1;

--
-- Dumping data for table `host`
--

INSERT INTO `host` (`id`, `hostname`, `contactno`, `altcontactno`, `email`, `password`) VALUES
(4, 'host', '4444', '45345', 'mariott@host.com', 'host');

-- --------------------------------------------------------

--
-- Table structure for table `menu`
--

CREATE TABLE `menu` (
  `id` int(50) NOT NULL,
  `primarydishid` int(50) NOT NULL,
  `seconddishid` int(50) NOT NULL,
  `dishdate` varchar(255) NOT NULL
) ENGINE=InnoDB DEFAULT CHARSET=latin1;

--
-- Dumping data for table `menu`
--

INSERT INTO `menu` (`id`, `primarydishid`, `seconddishid`, `dishdate`) VALUES
(1, 1, 2, '10/18/2019'),
(2, 2, 3, '10/19/2019'),
(3, 1, 4, '10/20/2019'),
(4, 3, 6, '10/21/2019'),
(5, 2, 1, '10/22/2019'),
(6, 4, 6, '10/23/2019');

-- --------------------------------------------------------

--
-- Table structure for table `pricingmodels`
--

CREATE TABLE `pricingmodels` (
  `id` int(11) NOT NULL,
  `dinerid` varchar(255) NOT NULL,
  `mealprice` decimal(5,2) NOT NULL,
  `mealtaxpercent` decimal(5,2) NOT NULL,
  `mealtaxvalue` decimal(5,2) NOT NULL,
  `mealtotalprice` decimal(5,2) NOT NULL,
  `datemodified` varchar(255) NOT NULL
) ENGINE=InnoDB DEFAULT CHARSET=latin1;

--
-- Dumping data for table `pricingmodels`
--

INSERT INTO `pricingmodels` (`id`, `dinerid`, `mealprice`, `mealtaxpercent`, `mealtaxvalue`, `mealtotalprice`, `datemodified`) VALUES
(1, '1', '14.94', '0.00', '0.00', '14.94', '01-05-2020 01:38:57 AM'),
(2, '2', '16.95', '5.00', '0.85', '21.95', '01-05-2020 01:39:05 AM'),
(3, '3', '0.00', '0.00', '0.00', '0.00', '2020-01-04 13:00:12');

-- --------------------------------------------------------

--
-- Table structure for table `reservation`
--

CREATE TABLE `reservation` (
  `id` int(11) NOT NULL,
  `bookingid` varchar(255) NOT NULL,
  `firstname` varchar(255) NOT NULL,
  `lastname` varchar(255) NOT NULL,
  `dishname` varchar(255) NOT NULL,
  `room` varchar(255) NOT NULL,
  `tablename` varchar(255) NOT NULL,
  `seatid` int(50) NOT NULL,
  `seat` varchar(255) NOT NULL,
  `diningdate` date NOT NULL,
  `diningtime` time NOT NULL,
  `guestno` varchar(255) NOT NULL,
  `condono` varchar(255) NOT NULL,
  `freedinersmealtotalprice` decimal(5,2) DEFAULT NULL,
  `isConfirmed` varchar(255) NOT NULL,
  `isCheckedin` varchar(255) DEFAULT NULL,
  `membermealprice` decimal(5,2) DEFAULT NULL,
  `membermealtaxpercent` decimal(5,2) DEFAULT NULL,
  `membermealtaxvalue` decimal(5,2) DEFAULT NULL,
  `membermealtotalprice` decimal(5,2) DEFAULT NULL,
  `guestmealprice` decimal(5,2) DEFAULT NULL,
  `guestmealtaxpercent` decimal(5,2) DEFAULT NULL,
  `guestmealtaxvalue` decimal(5,2) DEFAULT NULL,
  `guestmealtotalprice` decimal(5,2) DEFAULT NULL,
  `freedinersmealprice` decimal(5,2) DEFAULT NULL,
  `freedinersmealtaxpercent` decimal(5,2) DEFAULT NULL,
  `freedinersmealtaxvalue` decimal(5,2) DEFAULT NULL
) ENGINE=InnoDB DEFAULT CHARSET=latin1;

--
-- Dumping data for table `reservation`
--

INSERT INTO `reservation` (`id`, `bookingid`, `firstname`, `lastname`, `dishname`, `room`, `tablename`, `seatid`, `seat`, `diningdate`, `diningtime`, `guestno`, `condono`, `freedinersmealtotalprice`, `isConfirmed`, `isCheckedin`, `membermealprice`, `membermealtaxpercent`, `membermealtaxvalue`, `membermealtotalprice`, `guestmealprice`, `guestmealtaxpercent`, `guestmealtaxvalue`, `guestmealtotalprice`, `freedinersmealprice`, `freedinersmealtaxpercent`, `freedinersmealtaxvalue`) VALUES
(1, '', 'Isabella', 'James', 'Bread Basket', '', '', 0, '3', '2020-01-13', '00:00:00', '2', 'E410A', NULL, '', NULL, NULL, NULL, NULL, NULL, NULL, NULL, NULL, NULL, NULL, NULL, NULL),
(2, '', 'Duane', 'DeSalvo', 'Bread Basket', '', '', 0, '3', '2020-01-13', '00:00:00', '2', 'E302', NULL, '', NULL, NULL, NULL, NULL, NULL, NULL, NULL, NULL, NULL, NULL, NULL, NULL),
(3, '', 'Duane', 'DeSalvo', 'Tuna Sandwich', '', '', 0, '3', '2020-01-15', '00:00:00', '2', 'E302', NULL, '', NULL, NULL, NULL, NULL, NULL, NULL, NULL, NULL, NULL, NULL, NULL, NULL);

-- --------------------------------------------------------

--
-- Table structure for table `room`
--

CREATE TABLE `room` (
  `id` int(11) NOT NULL,
  `roomname` varchar(255) NOT NULL,
  `totaltables` varchar(255) NOT NULL,
  `roomavailability` varchar(255) DEFAULT NULL,
  `productimage1` varchar(255) DEFAULT NULL
) ENGINE=InnoDB DEFAULT CHARSET=latin1;

--
-- Dumping data for table `room`
--

INSERT INTO `room` (`id`, `roomname`, `totaltables`, `roomavailability`, `productimage1`) VALUES
(1, 'Game Room', '4', '1', 'game-room.png'),
(2, 'Dining Room', '10', '1', 'dining.png');

-- --------------------------------------------------------

--
-- Table structure for table `tablelayout`
--

CREATE TABLE `tablelayout` (
  `id` int(11) NOT NULL,
  `roomid` int(50) NOT NULL,
  `tablename` varchar(255) NOT NULL,
  `totalseats` varchar(255) NOT NULL
) ENGINE=InnoDB DEFAULT CHARSET=latin1;

--
-- Dumping data for table `tablelayout`
--

INSERT INTO `tablelayout` (`id`, `roomid`, `tablename`, `totalseats`) VALUES
(1, 1, '21', '6'),
(2, 1, '22', '6'),
(3, 1, '23', '6'),
(4, 1, '24', '6'),
(5, 2, 'A1', '6'),
(6, 2, 'A2', '4'),
(7, 2, 'A3', '6'),
(8, 2, 'A4', '4'),
(9, 2, 'A5', '3'),
(10, 2, 'A6', '5'),
(11, 2, 'A7', '2'),
(12, 2, 'A8', '6'),
(13, 2, 'A9', '3'),
(14, 2, 'A10', '4');

-- --------------------------------------------------------

--
-- Table structure for table `userlog`
--

CREATE TABLE `userlog` (
  `id` int(11) NOT NULL,
  `unitno` varchar(255) NOT NULL,
  `userEmail` varchar(255) DEFAULT NULL,
  `userip` binary(16) DEFAULT NULL,
  `loginTime` timestamp NULL DEFAULT CURRENT_TIMESTAMP,
  `logout` varchar(255) DEFAULT NULL,
  `status` int(11) DEFAULT NULL
) ENGINE=InnoDB DEFAULT CHARSET=latin1;

--
-- Dumping data for table `userlog`
--

INSERT INTO `userlog` (`id`, `unitno`, `userEmail`, `userip`, `loginTime`, `logout`, `status`) VALUES
(0, 'E302', NULL, 0x3a3a3100000000000000000000000000, '2019-10-13 20:17:14', NULL, 0),
(0, 'E302', NULL, 0x3a3a3100000000000000000000000000, '2019-10-13 20:19:10', NULL, 0),
(0, 'asd', NULL, 0x3a3a3100000000000000000000000000, '2019-10-13 20:40:18', NULL, 0),
(0, 'E302', NULL, 0x3a3a3100000000000000000000000000, '2019-10-13 20:40:22', NULL, 0),
(0, 'E302', NULL, 0x3a3a3100000000000000000000000000, '2019-10-13 20:40:25', NULL, 0),
(0, 't', NULL, 0x3a3a3100000000000000000000000000, '2019-10-13 20:44:49', NULL, 0),
(0, 'E302', NULL, 0x3a3a3100000000000000000000000000, '2019-10-13 20:44:52', NULL, 0),
(0, 'E302', NULL, 0x3a3a3100000000000000000000000000, '2019-10-13 20:45:04', NULL, 0),
(0, 'asss', NULL, 0x3a3a3100000000000000000000000000, '2019-10-13 20:45:33', NULL, 0),
(0, 'E302', NULL, 0x3a3a3100000000000000000000000000, '2019-10-13 20:48:42', NULL, 1),
(0, 'asd', NULL, 0x3a3a3100000000000000000000000000, '2019-10-13 20:48:52', NULL, 0),
(0, 'asd', NULL, 0x3a3a3100000000000000000000000000, '2019-10-13 20:48:56', NULL, 0),
(0, 'E302', NULL, 0x3a3a3100000000000000000000000000, '2019-10-13 20:48:59', NULL, 1),
(0, 'E302', NULL, 0x3a3a3100000000000000000000000000, '2019-10-13 20:50:51', NULL, 0),
(0, 'E302', NULL, 0x3a3a3100000000000000000000000000, '2019-10-13 20:51:17', NULL, 1),
(0, 'E302', NULL, 0x3a3a3100000000000000000000000000, '2019-10-13 21:00:49', NULL, 1),
(0, 'E302', NULL, 0x3a3a3100000000000000000000000000, '2019-10-13 21:00:54', NULL, 1),
(0, 'E302', NULL, 0x3a3a3100000000000000000000000000, '2019-10-13 21:01:24', NULL, 1),
(0, 'E302', NULL, 0x3a3a3100000000000000000000000000, '2019-10-13 21:03:10', NULL, 1),
(0, 'E302', NULL, 0x3a3a3100000000000000000000000000, '2019-10-13 21:15:55', NULL, 1),
(0, 'E302', NULL, 0x3a3a3100000000000000000000000000, '2019-10-13 21:53:55', NULL, 1),
(0, 'E302', NULL, 0x3a3a3100000000000000000000000000, '2019-10-13 21:54:22', NULL, 1),
(0, 'E302', NULL, 0x3a3a3100000000000000000000000000, '2019-10-13 22:28:05', NULL, 1),
(0, 'E302', NULL, 0x3a3a3100000000000000000000000000, '2019-10-14 00:23:07', NULL, 1),
(0, 'E302', NULL, 0x3a3a3100000000000000000000000000, '2019-10-14 01:38:46', NULL, 1),
(0, 'E302', NULL, 0x3a3a3100000000000000000000000000, '2019-10-14 01:39:05', NULL, 1),
(0, 'E302', NULL, 0x3a3a3100000000000000000000000000, '2019-10-17 13:31:50', NULL, 0),
(0, 'E302', NULL, 0x3a3a3100000000000000000000000000, '2019-10-17 13:31:57', NULL, 1),
(0, 'E302', NULL, 0x3a3a3100000000000000000000000000, '2019-10-17 16:04:00', NULL, 1),
(0, 'E302', NULL, 0x3a3a3100000000000000000000000000, '2019-10-17 16:05:09', NULL, 0),
(0, 'E302', NULL, 0x3a3a3100000000000000000000000000, '2019-10-17 16:12:36', NULL, 1),
(0, 'E302', NULL, 0x3a3a3100000000000000000000000000, '2019-10-17 16:23:46', NULL, 1),
(0, 'E302', NULL, 0x3a3a3100000000000000000000000000, '2019-10-17 19:51:38', NULL, 1),
(0, 'E302', NULL, 0x3a3a3100000000000000000000000000, '2019-10-18 13:03:27', NULL, 1),
(0, 'E302', NULL, 0x3a3a3100000000000000000000000000, '2019-10-18 14:36:42', NULL, 1),
(0, 'E302', NULL, 0x3a3a3100000000000000000000000000, '2019-10-18 15:53:38', NULL, 1),
(0, 'E302', NULL, 0x3a3a3100000000000000000000000000, '2019-10-18 15:54:46', NULL, 1),
(0, 'E302', NULL, 0x3a3a3100000000000000000000000000, '2019-10-18 15:55:09', NULL, 1),
(0, 'E302', NULL, 0x3a3a3100000000000000000000000000, '2019-10-18 15:57:20', NULL, 1),
(0, 'E302', NULL, 0x3a3a3100000000000000000000000000, '2019-10-18 15:59:45', NULL, 1),
(0, 'E302', NULL, 0x3a3a3100000000000000000000000000, '2019-10-18 16:03:12', NULL, 1),
(0, 'E302', NULL, 0x3a3a3100000000000000000000000000, '2019-10-18 16:33:32', NULL, 1),
(0, 'E302', NULL, 0x3a3a3100000000000000000000000000, '2019-10-19 16:30:49', NULL, 1),
(0, 'E302', NULL, 0x3a3a3100000000000000000000000000, '2019-10-19 18:58:32', NULL, 1),
(0, 'E302', NULL, 0x3a3a3100000000000000000000000000, '2019-10-21 20:10:06', NULL, 1),
(0, '', NULL, 0x3a3a3100000000000000000000000000, '2019-10-21 22:43:19', NULL, 0),
(0, '', NULL, 0x3a3a3100000000000000000000000000, '2019-10-21 22:43:26', NULL, 0),
(0, '', NULL, 0x3a3a3100000000000000000000000000, '2019-10-21 22:43:58', NULL, 0),
(0, '', NULL, 0x3a3a3100000000000000000000000000, '2019-10-21 22:44:06', NULL, 0),
(0, 'admin', NULL, 0x3a3a3100000000000000000000000000, '2019-10-21 22:59:41', NULL, 1),
(0, '', NULL, 0x3a3a3100000000000000000000000000, '2019-10-21 22:59:58', NULL, 0),
(0, '', NULL, 0x3a3a3100000000000000000000000000, '2019-10-21 23:00:13', NULL, 0),
(0, '', NULL, 0x3a3a3100000000000000000000000000, '2019-10-21 23:00:16', NULL, 0),
(0, 'admin', NULL, 0x3a3a3100000000000000000000000000, '2019-10-21 23:00:19', NULL, 1),
(0, '', NULL, 0x3a3a3100000000000000000000000000, '2019-10-21 23:00:52', NULL, 0),
(0, 'admin', NULL, 0x3a3a3100000000000000000000000000, '2019-10-21 23:00:55', NULL, 1),
(0, 'admin', NULL, 0x3a3a3100000000000000000000000000, '2019-10-21 23:08:24', NULL, 1),
(0, 'admin', NULL, 0x3a3a3100000000000000000000000000, '2019-10-22 16:22:21', NULL, 1),
(0, 'admin', NULL, 0x3a3a3100000000000000000000000000, '2019-10-23 15:57:23', NULL, 1),
(0, 'admin', NULL, 0x3a3a3100000000000000000000000000, '2019-11-02 17:33:52', NULL, 1),
(0, '', NULL, 0x3a3a3100000000000000000000000000, '2019-11-02 17:33:59', NULL, 0),
(0, 'admin', NULL, 0x3a3a3100000000000000000000000000, '2019-11-02 17:34:47', NULL, 1),
(0, '', NULL, 0x3a3a3100000000000000000000000000, '2019-11-02 17:35:14', NULL, 0),
(0, 'admin', NULL, 0x3a3a3100000000000000000000000000, '2019-11-02 17:35:28', NULL, 1),
(0, '', NULL, 0x3a3a3100000000000000000000000000, '2019-11-02 17:35:34', NULL, 0),
(0, 'admin', NULL, 0x3a3a3100000000000000000000000000, '2019-11-02 17:37:43', NULL, 1),
(0, 'admin', NULL, 0x3a3a3100000000000000000000000000, '2019-11-02 17:38:44', NULL, 1),
(0, '', NULL, 0x3a3a3100000000000000000000000000, '2019-11-02 19:24:40', NULL, 0),
(0, '', NULL, 0x3a3a3100000000000000000000000000, '2019-11-02 19:24:51', NULL, 0),
(0, 'admin', NULL, 0x3a3a3100000000000000000000000000, '2019-11-02 19:26:55', NULL, 1),
(0, 'admin', NULL, 0x3a3a3100000000000000000000000000, '2019-11-04 18:17:50', NULL, 1),
(0, 'admin', NULL, 0x3a3a3100000000000000000000000000, '2019-11-06 20:03:39', NULL, 1),
(0, 'admin', NULL, 0x3a3a3100000000000000000000000000, '2019-11-07 00:43:44', NULL, 1),
(0, 'admin', NULL, 0x3a3a3100000000000000000000000000, '2019-11-10 18:09:09', NULL, 1),
(0, 'admin', NULL, 0x3a3a3100000000000000000000000000, '2019-11-12 04:23:40', NULL, 1),
(0, 'admin', NULL, 0x3a3a3100000000000000000000000000, '2019-11-19 19:08:50', NULL, 1),
(0, 'admin', NULL, 0x3a3a3100000000000000000000000000, '2019-11-21 20:29:54', NULL, 1),
(0, 'admin', NULL, 0x3a3a3100000000000000000000000000, '2019-11-23 18:41:19', NULL, 1),
(0, 'admin', NULL, 0x3a3a3100000000000000000000000000, '2019-11-24 15:11:07', NULL, 1),
(0, '', NULL, 0x3a3a3100000000000000000000000000, '2019-11-24 23:01:18', NULL, 0),
(0, '', NULL, 0x3a3a3100000000000000000000000000, '2019-11-24 23:01:26', NULL, 0),
(0, 'host', NULL, 0x3a3a3100000000000000000000000000, '2019-11-24 23:02:26', NULL, 1),
(0, 'admin', NULL, 0x3a3a3100000000000000000000000000, '2019-11-24 23:08:36', NULL, 1),
(0, 'host', NULL, 0x3a3a3100000000000000000000000000, '2019-11-24 23:18:56', NULL, 1),
(0, 'admin', NULL, 0x3a3a3100000000000000000000000000, '2019-11-24 23:33:17', NULL, 1),
(0, 'host', NULL, 0x3a3a3100000000000000000000000000, '2019-11-24 23:36:20', NULL, 1),
(0, 'admin', NULL, 0x3a3a3100000000000000000000000000, '2019-11-24 23:37:10', NULL, 1),
(0, 'host', NULL, 0x3a3a3100000000000000000000000000, '2019-11-24 23:39:28', NULL, 1),
(0, 'admin', NULL, 0x3a3a3100000000000000000000000000, '2019-11-24 23:50:08', NULL, 1),
(0, 'host', NULL, 0x3a3a3100000000000000000000000000, '2019-11-24 23:50:34', NULL, 1),
(0, 'admin', NULL, 0x3a3a3100000000000000000000000000, '2019-11-24 23:55:39', NULL, 1),
(0, 'host', NULL, 0x3a3a3100000000000000000000000000, '2019-11-25 00:23:14', NULL, 1),
(0, '', NULL, 0x3a3a3100000000000000000000000000, '2019-11-25 00:43:25', NULL, 0),
(0, 'admin', NULL, 0x3a3a3100000000000000000000000000, '2019-11-25 00:43:29', NULL, 1),
(0, 'host', NULL, 0x3a3a3100000000000000000000000000, '2019-11-25 00:43:52', NULL, 1),
(0, 'admin', NULL, 0x3a3a3100000000000000000000000000, '2019-12-02 15:52:23', NULL, 1),
(0, '', NULL, 0x3a3a3100000000000000000000000000, '2019-12-04 12:21:53', NULL, 0),
(0, '', NULL, 0x3a3a3100000000000000000000000000, '2019-12-04 12:21:53', NULL, 0),
(0, '', NULL, 0x3a3a3100000000000000000000000000, '2019-12-04 12:21:53', NULL, 0),
(0, '', NULL, 0x3a3a3100000000000000000000000000, '2019-12-04 12:21:53', NULL, 0),
(0, '', NULL, 0x3a3a3100000000000000000000000000, '2019-12-04 12:21:53', NULL, 0),
(0, '', NULL, 0x3a3a3100000000000000000000000000, '2019-12-04 12:21:53', NULL, 0),
(0, '', NULL, 0x3a3a3100000000000000000000000000, '2019-12-04 12:21:53', NULL, 0),
(0, '', NULL, 0x3a3a3100000000000000000000000000, '2019-12-04 12:21:53', NULL, 0),
(0, '', NULL, 0x3a3a3100000000000000000000000000, '2019-12-04 12:21:53', NULL, 0),
(0, '', NULL, 0x3a3a3100000000000000000000000000, '2019-12-04 12:21:53', NULL, 0),
(0, '', NULL, 0x3a3a3100000000000000000000000000, '2019-12-04 12:21:53', NULL, 0),
(0, '', NULL, 0x3a3a3100000000000000000000000000, '2019-12-04 12:21:53', NULL, 0),
(0, '', NULL, 0x3a3a3100000000000000000000000000, '2019-12-04 12:21:53', NULL, 0),
(0, '', NULL, 0x3a3a3100000000000000000000000000, '2019-12-04 12:21:53', NULL, 0),
(0, '', NULL, 0x3a3a3100000000000000000000000000, '2019-12-04 12:21:53', NULL, 0),
(0, '', NULL, 0x3a3a3100000000000000000000000000, '2019-12-04 12:21:53', NULL, 0),
(0, '', NULL, 0x3a3a3100000000000000000000000000, '2019-12-04 12:21:53', NULL, 0),
(0, '', NULL, 0x3a3a3100000000000000000000000000, '2019-12-04 12:21:53', NULL, 0),
(0, '', NULL, 0x3a3a3100000000000000000000000000, '2019-12-04 12:21:53', NULL, 0),
(0, '', NULL, 0x3a3a3100000000000000000000000000, '2019-12-04 12:21:53', NULL, 0),
(0, '', NULL, 0x3a3a3100000000000000000000000000, '2019-12-04 12:21:58', NULL, 0),
(0, '', NULL, 0x3a3a3100000000000000000000000000, '2019-12-04 12:21:58', NULL, 0),
(0, '', NULL, 0x3a3a3100000000000000000000000000, '2019-12-04 12:21:58', NULL, 0),
(0, '', NULL, 0x3a3a3100000000000000000000000000, '2019-12-04 12:21:58', NULL, 0),
(0, '', NULL, 0x3a3a3100000000000000000000000000, '2019-12-04 12:21:58', NULL, 0),
(0, '', NULL, 0x3a3a3100000000000000000000000000, '2019-12-04 12:21:58', NULL, 0),
(0, '', NULL, 0x3a3a3100000000000000000000000000, '2019-12-04 12:21:58', NULL, 0),
(0, '', NULL, 0x3a3a3100000000000000000000000000, '2019-12-04 12:21:58', NULL, 0),
(0, '', NULL, 0x3a3a3100000000000000000000000000, '2019-12-04 12:21:58', NULL, 0),
(0, '', NULL, 0x3a3a3100000000000000000000000000, '2019-12-04 12:21:58', NULL, 0),
(0, '', NULL, 0x3a3a3100000000000000000000000000, '2019-12-04 12:21:58', NULL, 0),
(0, '', NULL, 0x3a3a3100000000000000000000000000, '2019-12-04 12:21:58', NULL, 0),
(0, '', NULL, 0x3a3a3100000000000000000000000000, '2019-12-04 12:21:58', NULL, 0),
(0, '', NULL, 0x3a3a3100000000000000000000000000, '2019-12-04 12:21:58', NULL, 0),
(0, '', NULL, 0x3a3a3100000000000000000000000000, '2019-12-04 12:21:58', NULL, 0),
(0, '', NULL, 0x3a3a3100000000000000000000000000, '2019-12-04 12:21:58', NULL, 0),
(0, '', NULL, 0x3a3a3100000000000000000000000000, '2019-12-04 12:21:58', NULL, 0),
(0, '', NULL, 0x3a3a3100000000000000000000000000, '2019-12-04 12:21:58', NULL, 0),
(0, '', NULL, 0x3a3a3100000000000000000000000000, '2019-12-04 12:21:58', NULL, 0),
(0, '', NULL, 0x3a3a3100000000000000000000000000, '2019-12-04 12:21:58', NULL, 0),
(0, '', NULL, 0x3a3a3100000000000000000000000000, '2019-12-04 12:22:03', NULL, 0),
(0, '', NULL, 0x3a3a3100000000000000000000000000, '2019-12-04 12:22:03', NULL, 0),
(0, '', NULL, 0x3a3a3100000000000000000000000000, '2019-12-04 12:22:03', NULL, 0),
(0, '', NULL, 0x3a3a3100000000000000000000000000, '2019-12-04 12:22:03', NULL, 0),
(0, '', NULL, 0x3a3a3100000000000000000000000000, '2019-12-04 12:22:03', NULL, 0),
(0, '', NULL, 0x3a3a3100000000000000000000000000, '2019-12-04 12:22:03', NULL, 0),
(0, '', NULL, 0x3a3a3100000000000000000000000000, '2019-12-04 12:22:03', NULL, 0),
(0, '', NULL, 0x3a3a3100000000000000000000000000, '2019-12-04 12:22:03', NULL, 0),
(0, '', NULL, 0x3a3a3100000000000000000000000000, '2019-12-04 12:22:03', NULL, 0),
(0, '', NULL, 0x3a3a3100000000000000000000000000, '2019-12-04 12:22:03', NULL, 0),
(0, '', NULL, 0x3a3a3100000000000000000000000000, '2019-12-04 12:22:03', NULL, 0),
(0, '', NULL, 0x3a3a3100000000000000000000000000, '2019-12-04 12:22:03', NULL, 0),
(0, '', NULL, 0x3a3a3100000000000000000000000000, '2019-12-04 12:22:03', NULL, 0),
(0, '', NULL, 0x3a3a3100000000000000000000000000, '2019-12-04 12:22:03', NULL, 0),
(0, '', NULL, 0x3a3a3100000000000000000000000000, '2019-12-04 12:22:03', NULL, 0),
(0, '', NULL, 0x3a3a3100000000000000000000000000, '2019-12-04 12:22:04', NULL, 0),
(0, '', NULL, 0x3a3a3100000000000000000000000000, '2019-12-04 12:22:04', NULL, 0),
(0, '', NULL, 0x3a3a3100000000000000000000000000, '2019-12-04 12:22:04', NULL, 0),
(0, '', NULL, 0x3a3a3100000000000000000000000000, '2019-12-04 12:22:04', NULL, 0),
(0, '', NULL, 0x3a3a3100000000000000000000000000, '2019-12-04 12:22:04', NULL, 0),
(0, '', NULL, 0x3a3a3100000000000000000000000000, '2019-12-04 12:22:34', NULL, 0),
(0, '', NULL, 0x3a3a3100000000000000000000000000, '2019-12-04 12:22:34', NULL, 0),
(0, '', NULL, 0x3a3a3100000000000000000000000000, '2019-12-04 12:22:34', NULL, 0),
(0, '', NULL, 0x3a3a3100000000000000000000000000, '2019-12-04 12:22:34', NULL, 0),
(0, '', NULL, 0x3a3a3100000000000000000000000000, '2019-12-04 12:22:34', NULL, 0),
(0, '', NULL, 0x3a3a3100000000000000000000000000, '2019-12-04 12:22:34', NULL, 0),
(0, '', NULL, 0x3a3a3100000000000000000000000000, '2019-12-04 12:22:34', NULL, 0),
(0, '', NULL, 0x3a3a3100000000000000000000000000, '2019-12-04 12:22:34', NULL, 0),
(0, '', NULL, 0x3a3a3100000000000000000000000000, '2019-12-04 12:22:34', NULL, 0),
(0, '', NULL, 0x3a3a3100000000000000000000000000, '2019-12-04 12:22:34', NULL, 0),
(0, '', NULL, 0x3a3a3100000000000000000000000000, '2019-12-04 12:22:34', NULL, 0),
(0, '', NULL, 0x3a3a3100000000000000000000000000, '2019-12-04 12:22:34', NULL, 0),
(0, '', NULL, 0x3a3a3100000000000000000000000000, '2019-12-04 12:22:34', NULL, 0),
(0, '', NULL, 0x3a3a3100000000000000000000000000, '2019-12-04 12:22:34', NULL, 0),
(0, '', NULL, 0x3a3a3100000000000000000000000000, '2019-12-04 12:22:34', NULL, 0),
(0, '', NULL, 0x3a3a3100000000000000000000000000, '2019-12-04 12:22:34', NULL, 0),
(0, '', NULL, 0x3a3a3100000000000000000000000000, '2019-12-04 12:22:34', NULL, 0),
(0, '', NULL, 0x3a3a3100000000000000000000000000, '2019-12-04 12:22:34', NULL, 0),
(0, '', NULL, 0x3a3a3100000000000000000000000000, '2019-12-04 12:22:34', NULL, 0),
(0, '', NULL, 0x3a3a3100000000000000000000000000, '2019-12-04 12:22:34', NULL, 0),
(0, '', NULL, 0x3a3a3100000000000000000000000000, '2019-12-04 12:22:39', NULL, 0),
(0, '', NULL, 0x3a3a3100000000000000000000000000, '2019-12-04 12:22:39', NULL, 0),
(0, '', NULL, 0x3a3a3100000000000000000000000000, '2019-12-04 12:22:39', NULL, 0),
(0, '', NULL, 0x3a3a3100000000000000000000000000, '2019-12-04 12:22:39', NULL, 0),
(0, '', NULL, 0x3a3a3100000000000000000000000000, '2019-12-04 12:22:39', NULL, 0),
(0, '', NULL, 0x3a3a3100000000000000000000000000, '2019-12-04 12:22:39', NULL, 0),
(0, '', NULL, 0x3a3a3100000000000000000000000000, '2019-12-04 12:22:39', NULL, 0),
(0, '', NULL, 0x3a3a3100000000000000000000000000, '2019-12-04 12:22:39', NULL, 0),
(0, '', NULL, 0x3a3a3100000000000000000000000000, '2019-12-04 12:22:39', NULL, 0),
(0, '', NULL, 0x3a3a3100000000000000000000000000, '2019-12-04 12:22:39', NULL, 0),
(0, '', NULL, 0x3a3a3100000000000000000000000000, '2019-12-04 12:22:39', NULL, 0),
(0, '', NULL, 0x3a3a3100000000000000000000000000, '2019-12-04 12:22:39', NULL, 0),
(0, '', NULL, 0x3a3a3100000000000000000000000000, '2019-12-04 12:22:39', NULL, 0),
(0, '', NULL, 0x3a3a3100000000000000000000000000, '2019-12-04 12:22:39', NULL, 0),
(0, '', NULL, 0x3a3a3100000000000000000000000000, '2019-12-04 12:22:39', NULL, 0),
(0, '', NULL, 0x3a3a3100000000000000000000000000, '2019-12-04 12:22:39', NULL, 0),
(0, '', NULL, 0x3a3a3100000000000000000000000000, '2019-12-04 12:22:39', NULL, 0),
(0, '', NULL, 0x3a3a3100000000000000000000000000, '2019-12-04 12:22:40', NULL, 0),
(0, '', NULL, 0x3a3a3100000000000000000000000000, '2019-12-04 12:22:40', NULL, 0),
(0, '', NULL, 0x3a3a3100000000000000000000000000, '2019-12-04 12:23:10', NULL, 0),
(0, '', NULL, 0x3a3a3100000000000000000000000000, '2019-12-04 12:23:10', NULL, 0),
(0, '', NULL, 0x3a3a3100000000000000000000000000, '2019-12-04 12:23:10', NULL, 0),
(0, '', NULL, 0x3a3a3100000000000000000000000000, '2019-12-04 12:23:10', NULL, 0),
(0, '', NULL, 0x3a3a3100000000000000000000000000, '2019-12-04 12:23:10', NULL, 0),
(0, '', NULL, 0x3a3a3100000000000000000000000000, '2019-12-04 12:23:10', NULL, 0),
(0, '', NULL, 0x3a3a3100000000000000000000000000, '2019-12-04 12:23:10', NULL, 0),
(0, '', NULL, 0x3a3a3100000000000000000000000000, '2019-12-04 12:23:10', NULL, 0),
(0, '', NULL, 0x3a3a3100000000000000000000000000, '2019-12-04 12:23:10', NULL, 0),
(0, '', NULL, 0x3a3a3100000000000000000000000000, '2019-12-04 12:23:10', NULL, 0),
(0, '', NULL, 0x3a3a3100000000000000000000000000, '2019-12-04 12:23:10', NULL, 0),
(0, '', NULL, 0x3a3a3100000000000000000000000000, '2019-12-04 12:23:10', NULL, 0),
(0, '', NULL, 0x3a3a3100000000000000000000000000, '2019-12-04 12:23:10', NULL, 0),
(0, '', NULL, 0x3a3a3100000000000000000000000000, '2019-12-04 12:23:10', NULL, 0),
(0, '', NULL, 0x3a3a3100000000000000000000000000, '2019-12-04 12:23:10', NULL, 0),
(0, '', NULL, 0x3a3a3100000000000000000000000000, '2019-12-04 12:23:10', NULL, 0),
(0, '', NULL, 0x3a3a3100000000000000000000000000, '2019-12-04 12:23:10', NULL, 0),
(0, '', NULL, 0x3a3a3100000000000000000000000000, '2019-12-04 12:23:10', NULL, 0),
(0, '', NULL, 0x3a3a3100000000000000000000000000, '2019-12-04 12:23:10', NULL, 0),
(0, '', NULL, 0x3a3a3100000000000000000000000000, '2019-12-04 12:23:10', NULL, 0),
(0, '', NULL, 0x3a3a3100000000000000000000000000, '2019-12-04 12:29:57', NULL, 0),
(0, '', NULL, 0x3a3a3100000000000000000000000000, '2019-12-04 12:29:57', NULL, 0),
(0, '', NULL, 0x3a3a3100000000000000000000000000, '2019-12-04 12:29:57', NULL, 0),
(0, '', NULL, 0x3a3a3100000000000000000000000000, '2019-12-04 12:29:57', NULL, 0),
(0, '', NULL, 0x3a3a3100000000000000000000000000, '2019-12-04 12:29:57', NULL, 0),
(0, '', NULL, 0x3a3a3100000000000000000000000000, '2019-12-04 12:29:57', NULL, 0),
(0, '', NULL, 0x3a3a3100000000000000000000000000, '2019-12-04 12:29:57', NULL, 0),
(0, '', NULL, 0x3a3a3100000000000000000000000000, '2019-12-04 12:29:58', NULL, 0),
(0, '', NULL, 0x3a3a3100000000000000000000000000, '2019-12-04 12:29:58', NULL, 0),
(0, '', NULL, 0x3a3a3100000000000000000000000000, '2019-12-04 12:29:58', NULL, 0),
(0, '', NULL, 0x3a3a3100000000000000000000000000, '2019-12-04 12:29:58', NULL, 0),
(0, '', NULL, 0x3a3a3100000000000000000000000000, '2019-12-04 12:29:58', NULL, 0),
(0, '', NULL, 0x3a3a3100000000000000000000000000, '2019-12-04 12:29:58', NULL, 0),
(0, '', NULL, 0x3a3a3100000000000000000000000000, '2019-12-04 12:29:58', NULL, 0),
(0, '', NULL, 0x3a3a3100000000000000000000000000, '2019-12-04 12:29:58', NULL, 0),
(0, '', NULL, 0x3a3a3100000000000000000000000000, '2019-12-04 12:29:58', NULL, 0),
(0, '', NULL, 0x3a3a3100000000000000000000000000, '2019-12-04 12:29:58', NULL, 0),
(0, '', NULL, 0x3a3a3100000000000000000000000000, '2019-12-04 12:29:58', NULL, 0),
(0, '', NULL, 0x3a3a3100000000000000000000000000, '2019-12-04 12:29:58', NULL, 0),
(0, '', NULL, 0x3a3a3100000000000000000000000000, '2019-12-04 12:29:58', NULL, 0),
(0, '', NULL, 0x3a3a3100000000000000000000000000, '2019-12-04 12:29:58', NULL, 0),
(0, '', NULL, 0x3a3a3100000000000000000000000000, '2019-12-04 12:29:58', NULL, 0),
(0, '', NULL, 0x3a3a3100000000000000000000000000, '2019-12-04 12:29:58', NULL, 0),
(0, '', NULL, 0x3a3a3100000000000000000000000000, '2019-12-04 12:29:58', NULL, 0),
(0, '', NULL, 0x3a3a3100000000000000000000000000, '2019-12-04 12:29:58', NULL, 0),
(0, '', NULL, 0x3a3a3100000000000000000000000000, '2019-12-04 12:29:58', NULL, 0),
(0, '', NULL, 0x3a3a3100000000000000000000000000, '2019-12-04 12:29:58', NULL, 0),
(0, '', NULL, 0x3a3a3100000000000000000000000000, '2019-12-04 12:29:58', NULL, 0),
(0, '', NULL, 0x3a3a3100000000000000000000000000, '2019-12-04 12:29:58', NULL, 0),
(0, '', NULL, 0x3a3a3100000000000000000000000000, '2019-12-04 12:29:58', NULL, 0),
(0, '', NULL, 0x3a3a3100000000000000000000000000, '2019-12-04 12:29:58', NULL, 0),
(0, '', NULL, 0x3a3a3100000000000000000000000000, '2019-12-04 12:29:58', NULL, 0),
(0, '', NULL, 0x3a3a3100000000000000000000000000, '2019-12-04 12:29:58', NULL, 0),
(0, '', NULL, 0x3a3a3100000000000000000000000000, '2019-12-04 12:29:58', NULL, 0),
(0, '', NULL, 0x3a3a3100000000000000000000000000, '2019-12-04 12:29:58', NULL, 0),
(0, '', NULL, 0x3a3a3100000000000000000000000000, '2019-12-04 12:29:58', NULL, 0),
(0, '', NULL, 0x3a3a3100000000000000000000000000, '2019-12-04 12:29:58', NULL, 0),
(0, '', NULL, 0x3a3a3100000000000000000000000000, '2019-12-04 12:29:58', NULL, 0),
(0, '', NULL, 0x3a3a3100000000000000000000000000, '2019-12-04 12:29:58', NULL, 0),
(0, '', NULL, 0x3a3a3100000000000000000000000000, '2019-12-04 12:29:58', NULL, 0),
(0, '', NULL, 0x3a3a3100000000000000000000000000, '2019-12-04 12:30:04', NULL, 0),
(0, '', NULL, 0x3a3a3100000000000000000000000000, '2019-12-04 12:30:04', NULL, 0),
(0, '', NULL, 0x3a3a3100000000000000000000000000, '2019-12-04 12:30:04', NULL, 0),
(0, '', NULL, 0x3a3a3100000000000000000000000000, '2019-12-04 12:30:04', NULL, 0),
(0, '', NULL, 0x3a3a3100000000000000000000000000, '2019-12-04 12:30:04', NULL, 0),
(0, '', NULL, 0x3a3a3100000000000000000000000000, '2019-12-04 12:30:04', NULL, 0),
(0, '', NULL, 0x3a3a3100000000000000000000000000, '2019-12-04 12:30:04', NULL, 0),
(0, '', NULL, 0x3a3a3100000000000000000000000000, '2019-12-04 12:30:04', NULL, 0),
(0, '', NULL, 0x3a3a3100000000000000000000000000, '2019-12-04 12:30:04', NULL, 0),
(0, '', NULL, 0x3a3a3100000000000000000000000000, '2019-12-04 12:30:04', NULL, 0),
(0, '', NULL, 0x3a3a3100000000000000000000000000, '2019-12-04 12:30:04', NULL, 0),
(0, '', NULL, 0x3a3a3100000000000000000000000000, '2019-12-04 12:30:04', NULL, 0),
(0, '', NULL, 0x3a3a3100000000000000000000000000, '2019-12-04 12:30:04', NULL, 0),
(0, '', NULL, 0x3a3a3100000000000000000000000000, '2019-12-04 12:30:04', NULL, 0),
(0, '', NULL, 0x3a3a3100000000000000000000000000, '2019-12-04 12:30:04', NULL, 0),
(0, '', NULL, 0x3a3a3100000000000000000000000000, '2019-12-04 12:30:04', NULL, 0),
(0, '', NULL, 0x3a3a3100000000000000000000000000, '2019-12-04 12:30:04', NULL, 0),
(0, '', NULL, 0x3a3a3100000000000000000000000000, '2019-12-04 12:30:04', NULL, 0),
(0, '', NULL, 0x3a3a3100000000000000000000000000, '2019-12-04 12:30:04', NULL, 0),
(0, '', NULL, 0x3a3a3100000000000000000000000000, '2019-12-04 12:30:04', NULL, 0),
(0, '', NULL, 0x3a3a3100000000000000000000000000, '2019-12-04 12:30:20', NULL, 0),
(0, '', NULL, 0x3a3a3100000000000000000000000000, '2019-12-04 12:30:20', NULL, 0),
(0, '', NULL, 0x3a3a3100000000000000000000000000, '2019-12-04 12:30:20', NULL, 0),
(0, '', NULL, 0x3a3a3100000000000000000000000000, '2019-12-04 12:30:20', NULL, 0),
(0, '', NULL, 0x3a3a3100000000000000000000000000, '2019-12-04 12:30:20', NULL, 0),
(0, '', NULL, 0x3a3a3100000000000000000000000000, '2019-12-04 12:30:20', NULL, 0),
(0, '', NULL, 0x3a3a3100000000000000000000000000, '2019-12-04 12:30:20', NULL, 0),
(0, '', NULL, 0x3a3a3100000000000000000000000000, '2019-12-04 12:30:20', NULL, 0),
(0, '', NULL, 0x3a3a3100000000000000000000000000, '2019-12-04 12:30:20', NULL, 0),
(0, '', NULL, 0x3a3a3100000000000000000000000000, '2019-12-04 12:30:20', NULL, 0),
(0, '', NULL, 0x3a3a3100000000000000000000000000, '2019-12-04 12:30:20', NULL, 0),
(0, '', NULL, 0x3a3a3100000000000000000000000000, '2019-12-04 12:30:20', NULL, 0),
(0, '', NULL, 0x3a3a3100000000000000000000000000, '2019-12-04 12:30:20', NULL, 0),
(0, '', NULL, 0x3a3a3100000000000000000000000000, '2019-12-04 12:30:20', NULL, 0),
(0, '', NULL, 0x3a3a3100000000000000000000000000, '2019-12-04 12:30:20', NULL, 0),
(0, '', NULL, 0x3a3a3100000000000000000000000000, '2019-12-04 12:30:20', NULL, 0),
(0, '', NULL, 0x3a3a3100000000000000000000000000, '2019-12-04 12:30:20', NULL, 0),
(0, '', NULL, 0x3a3a3100000000000000000000000000, '2019-12-04 12:30:20', NULL, 0),
(0, '', NULL, 0x3a3a3100000000000000000000000000, '2019-12-04 12:30:20', NULL, 0),
(0, '', NULL, 0x3a3a3100000000000000000000000000, '2019-12-04 12:30:20', NULL, 0),
(0, '', NULL, 0x3a3a3100000000000000000000000000, '2019-12-04 12:30:25', NULL, 0),
(0, '', NULL, 0x3a3a3100000000000000000000000000, '2019-12-04 12:30:25', NULL, 0),
(0, '', NULL, 0x3a3a3100000000000000000000000000, '2019-12-04 12:30:25', NULL, 0),
(0, '', NULL, 0x3a3a3100000000000000000000000000, '2019-12-04 12:30:25', NULL, 0),
(0, '', NULL, 0x3a3a3100000000000000000000000000, '2019-12-04 12:30:25', NULL, 0),
(0, '', NULL, 0x3a3a3100000000000000000000000000, '2019-12-04 12:30:25', NULL, 0),
(0, '', NULL, 0x3a3a3100000000000000000000000000, '2019-12-04 12:30:25', NULL, 0),
(0, '', NULL, 0x3a3a3100000000000000000000000000, '2019-12-04 12:30:25', NULL, 0),
(0, '', NULL, 0x3a3a3100000000000000000000000000, '2019-12-04 12:30:25', NULL, 0),
(0, '', NULL, 0x3a3a3100000000000000000000000000, '2019-12-04 12:30:25', NULL, 0),
(0, '', NULL, 0x3a3a3100000000000000000000000000, '2019-12-04 12:30:25', NULL, 0),
(0, '', NULL, 0x3a3a3100000000000000000000000000, '2019-12-04 12:30:25', NULL, 0),
(0, '', NULL, 0x3a3a3100000000000000000000000000, '2019-12-04 12:30:26', NULL, 0),
(0, '', NULL, 0x3a3a3100000000000000000000000000, '2019-12-04 12:30:26', NULL, 0),
(0, '', NULL, 0x3a3a3100000000000000000000000000, '2019-12-04 12:30:26', NULL, 0),
(0, '', NULL, 0x3a3a3100000000000000000000000000, '2019-12-04 12:30:26', NULL, 0),
(0, '', NULL, 0x3a3a3100000000000000000000000000, '2019-12-04 12:30:26', NULL, 0),
(0, '', NULL, 0x3a3a3100000000000000000000000000, '2019-12-04 12:30:26', NULL, 0),
(0, '', NULL, 0x3a3a3100000000000000000000000000, '2019-12-04 12:30:26', NULL, 0),
(0, '', NULL, 0x3a3a3100000000000000000000000000, '2019-12-04 12:30:26', NULL, 0),
(0, '', NULL, 0x3a3a3100000000000000000000000000, '2019-12-04 12:30:26', NULL, 0),
(0, '', NULL, 0x3a3a3100000000000000000000000000, '2019-12-04 12:30:26', NULL, 0),
(0, '', NULL, 0x3a3a3100000000000000000000000000, '2019-12-04 12:30:26', NULL, 0),
(0, '', NULL, 0x3a3a3100000000000000000000000000, '2019-12-04 12:30:26', NULL, 0),
(0, '', NULL, 0x3a3a3100000000000000000000000000, '2019-12-04 12:30:26', NULL, 0),
(0, '', NULL, 0x3a3a3100000000000000000000000000, '2019-12-04 12:30:26', NULL, 0),
(0, '', NULL, 0x3a3a3100000000000000000000000000, '2019-12-04 12:30:26', NULL, 0),
(0, '', NULL, 0x3a3a3100000000000000000000000000, '2019-12-04 12:30:26', NULL, 0),
(0, '', NULL, 0x3a3a3100000000000000000000000000, '2019-12-04 12:30:27', NULL, 0),
(0, '', NULL, 0x3a3a3100000000000000000000000000, '2019-12-04 12:30:27', NULL, 0),
(0, '', NULL, 0x3a3a3100000000000000000000000000, '2019-12-04 12:30:27', NULL, 0),
(0, '', NULL, 0x3a3a3100000000000000000000000000, '2019-12-04 12:30:27', NULL, 0),
(0, '', NULL, 0x3a3a3100000000000000000000000000, '2019-12-04 12:30:27', NULL, 0),
(0, '', NULL, 0x3a3a3100000000000000000000000000, '2019-12-04 12:30:27', NULL, 0),
(0, '', NULL, 0x3a3a3100000000000000000000000000, '2019-12-04 12:30:27', NULL, 0),
(0, '', NULL, 0x3a3a3100000000000000000000000000, '2019-12-04 12:30:27', NULL, 0),
(0, '', NULL, 0x3a3a3100000000000000000000000000, '2019-12-04 12:30:27', NULL, 0),
(0, '', NULL, 0x3a3a3100000000000000000000000000, '2019-12-04 12:30:27', NULL, 0),
(0, '', NULL, 0x3a3a3100000000000000000000000000, '2019-12-04 12:30:27', NULL, 0),
(0, '', NULL, 0x3a3a3100000000000000000000000000, '2019-12-04 12:30:27', NULL, 0),
(0, '', NULL, 0x3a3a3100000000000000000000000000, '2019-12-04 12:30:33', NULL, 0),
(0, '', NULL, 0x3a3a3100000000000000000000000000, '2019-12-04 12:30:33', NULL, 0),
(0, '', NULL, 0x3a3a3100000000000000000000000000, '2019-12-04 12:30:33', NULL, 0),
(0, '', NULL, 0x3a3a3100000000000000000000000000, '2019-12-04 12:30:33', NULL, 0),
(0, '', NULL, 0x3a3a3100000000000000000000000000, '2019-12-04 12:30:33', NULL, 0),
(0, '', NULL, 0x3a3a3100000000000000000000000000, '2019-12-04 12:30:33', NULL, 0),
(0, '', NULL, 0x3a3a3100000000000000000000000000, '2019-12-04 12:30:33', NULL, 0),
(0, '', NULL, 0x3a3a3100000000000000000000000000, '2019-12-04 12:30:33', NULL, 0),
(0, '', NULL, 0x3a3a3100000000000000000000000000, '2019-12-04 12:30:33', NULL, 0),
(0, '', NULL, 0x3a3a3100000000000000000000000000, '2019-12-04 12:30:33', NULL, 0),
(0, '', NULL, 0x3a3a3100000000000000000000000000, '2019-12-04 12:30:33', NULL, 0),
(0, '', NULL, 0x3a3a3100000000000000000000000000, '2019-12-04 12:30:33', NULL, 0),
(0, '', NULL, 0x3a3a3100000000000000000000000000, '2019-12-04 12:30:33', NULL, 0),
(0, '', NULL, 0x3a3a3100000000000000000000000000, '2019-12-04 12:30:33', NULL, 0),
(0, '', NULL, 0x3a3a3100000000000000000000000000, '2019-12-04 12:30:33', NULL, 0),
(0, '', NULL, 0x3a3a3100000000000000000000000000, '2019-12-04 12:30:34', NULL, 0),
(0, '', NULL, 0x3a3a3100000000000000000000000000, '2019-12-04 12:30:34', NULL, 0),
(0, '', NULL, 0x3a3a3100000000000000000000000000, '2019-12-04 12:30:34', NULL, 0),
(0, '', NULL, 0x3a3a3100000000000000000000000000, '2019-12-04 12:30:34', NULL, 0),
(0, '', NULL, 0x3a3a3100000000000000000000000000, '2019-12-04 12:30:34', NULL, 0),
(0, '', NULL, 0x3a3a3100000000000000000000000000, '2019-12-04 12:30:34', NULL, 0),
(0, '', NULL, 0x3a3a3100000000000000000000000000, '2019-12-04 12:30:34', NULL, 0),
(0, '', NULL, 0x3a3a3100000000000000000000000000, '2019-12-04 12:30:34', NULL, 0),
(0, '', NULL, 0x3a3a3100000000000000000000000000, '2019-12-04 12:30:34', NULL, 0),
(0, '', NULL, 0x3a3a3100000000000000000000000000, '2019-12-04 12:30:34', NULL, 0),
(0, '', NULL, 0x3a3a3100000000000000000000000000, '2019-12-04 12:30:34', NULL, 0),
(0, '', NULL, 0x3a3a3100000000000000000000000000, '2019-12-04 12:30:34', NULL, 0),
(0, '', NULL, 0x3a3a3100000000000000000000000000, '2019-12-04 12:30:34', NULL, 0),
(0, '', NULL, 0x3a3a3100000000000000000000000000, '2019-12-04 12:30:34', NULL, 0),
(0, '', NULL, 0x3a3a3100000000000000000000000000, '2019-12-04 12:30:34', NULL, 0),
(0, '', NULL, 0x3a3a3100000000000000000000000000, '2019-12-04 12:30:34', NULL, 0),
(0, '', NULL, 0x3a3a3100000000000000000000000000, '2019-12-04 12:30:34', NULL, 0),
(0, '', NULL, 0x3a3a3100000000000000000000000000, '2019-12-04 12:30:34', NULL, 0),
(0, '', NULL, 0x3a3a3100000000000000000000000000, '2019-12-04 12:30:35', NULL, 0),
(0, '', NULL, 0x3a3a3100000000000000000000000000, '2019-12-04 12:30:35', NULL, 0),
(0, '', NULL, 0x3a3a3100000000000000000000000000, '2019-12-04 12:30:35', NULL, 0),
(0, '', NULL, 0x3a3a3100000000000000000000000000, '2019-12-04 12:30:35', NULL, 0),
(0, '', NULL, 0x3a3a3100000000000000000000000000, '2019-12-04 12:30:35', NULL, 0),
(0, '', NULL, 0x3a3a3100000000000000000000000000, '2019-12-04 12:30:35', NULL, 0),
(0, '', NULL, 0x3a3a3100000000000000000000000000, '2019-12-04 12:30:35', NULL, 0),
(0, '', NULL, 0x3a3a3100000000000000000000000000, '2019-12-04 12:30:40', NULL, 0),
(0, '', NULL, 0x3a3a3100000000000000000000000000, '2019-12-04 12:30:40', NULL, 0),
(0, '', NULL, 0x3a3a3100000000000000000000000000, '2019-12-04 12:30:40', NULL, 0),
(0, '', NULL, 0x3a3a3100000000000000000000000000, '2019-12-04 12:30:40', NULL, 0),
(0, '', NULL, 0x3a3a3100000000000000000000000000, '2019-12-04 12:30:40', NULL, 0),
(0, '', NULL, 0x3a3a3100000000000000000000000000, '2019-12-04 12:30:40', NULL, 0),
(0, '', NULL, 0x3a3a3100000000000000000000000000, '2019-12-04 12:30:40', NULL, 0),
(0, '', NULL, 0x3a3a3100000000000000000000000000, '2019-12-04 12:30:40', NULL, 0),
(0, '', NULL, 0x3a3a3100000000000000000000000000, '2019-12-04 12:30:40', NULL, 0),
(0, '', NULL, 0x3a3a3100000000000000000000000000, '2019-12-04 12:30:40', NULL, 0),
(0, '', NULL, 0x3a3a3100000000000000000000000000, '2019-12-04 12:30:40', NULL, 0),
(0, '', NULL, 0x3a3a3100000000000000000000000000, '2019-12-04 12:30:40', NULL, 0),
(0, '', NULL, 0x3a3a3100000000000000000000000000, '2019-12-04 12:30:40', NULL, 0),
(0, '', NULL, 0x3a3a3100000000000000000000000000, '2019-12-04 12:30:40', NULL, 0),
(0, '', NULL, 0x3a3a3100000000000000000000000000, '2019-12-04 12:30:40', NULL, 0),
(0, '', NULL, 0x3a3a3100000000000000000000000000, '2019-12-04 12:30:40', NULL, 0),
(0, '', NULL, 0x3a3a3100000000000000000000000000, '2019-12-04 12:30:40', NULL, 0),
(0, '', NULL, 0x3a3a3100000000000000000000000000, '2019-12-04 12:30:40', NULL, 0),
(0, '', NULL, 0x3a3a3100000000000000000000000000, '2019-12-04 12:30:40', NULL, 0),
(0, '', NULL, 0x3a3a3100000000000000000000000000, '2019-12-04 12:30:40', NULL, 0),
(0, '', NULL, 0x3a3a3100000000000000000000000000, '2019-12-04 12:30:56', NULL, 0),
(0, '', NULL, 0x3a3a3100000000000000000000000000, '2019-12-04 12:30:56', NULL, 0),
(0, '', NULL, 0x3a3a3100000000000000000000000000, '2019-12-04 12:30:56', NULL, 0),
(0, '', NULL, 0x3a3a3100000000000000000000000000, '2019-12-04 12:30:56', NULL, 0),
(0, '', NULL, 0x3a3a3100000000000000000000000000, '2019-12-04 12:30:56', NULL, 0),
(0, '', NULL, 0x3a3a3100000000000000000000000000, '2019-12-04 12:30:56', NULL, 0),
(0, '', NULL, 0x3a3a3100000000000000000000000000, '2019-12-04 12:30:56', NULL, 0),
(0, '', NULL, 0x3a3a3100000000000000000000000000, '2019-12-04 12:30:56', NULL, 0),
(0, '', NULL, 0x3a3a3100000000000000000000000000, '2019-12-04 12:30:56', NULL, 0),
(0, '', NULL, 0x3a3a3100000000000000000000000000, '2019-12-04 12:30:56', NULL, 0),
(0, '', NULL, 0x3a3a3100000000000000000000000000, '2019-12-04 12:30:56', NULL, 0),
(0, '', NULL, 0x3a3a3100000000000000000000000000, '2019-12-04 12:30:56', NULL, 0),
(0, '', NULL, 0x3a3a3100000000000000000000000000, '2019-12-04 12:30:56', NULL, 0),
(0, '', NULL, 0x3a3a3100000000000000000000000000, '2019-12-04 12:30:56', NULL, 0),
(0, '', NULL, 0x3a3a3100000000000000000000000000, '2019-12-04 12:30:56', NULL, 0),
(0, '', NULL, 0x3a3a3100000000000000000000000000, '2019-12-04 12:30:56', NULL, 0),
(0, '', NULL, 0x3a3a3100000000000000000000000000, '2019-12-04 12:30:56', NULL, 0),
(0, '', NULL, 0x3a3a3100000000000000000000000000, '2019-12-04 12:30:56', NULL, 0),
(0, '', NULL, 0x3a3a3100000000000000000000000000, '2019-12-04 12:30:56', NULL, 0),
(0, '', NULL, 0x3a3a3100000000000000000000000000, '2019-12-04 12:30:56', NULL, 0),
(0, '', NULL, 0x3a3a3100000000000000000000000000, '2019-12-04 12:32:00', NULL, 0),
(0, '', NULL, 0x3a3a3100000000000000000000000000, '2019-12-04 12:32:00', NULL, 0),
(0, '', NULL, 0x3a3a3100000000000000000000000000, '2019-12-04 12:32:00', NULL, 0),
(0, '', NULL, 0x3a3a3100000000000000000000000000, '2019-12-04 12:32:00', NULL, 0),
(0, '', NULL, 0x3a3a3100000000000000000000000000, '2019-12-04 12:32:00', NULL, 0),
(0, '', NULL, 0x3a3a3100000000000000000000000000, '2019-12-04 12:32:00', NULL, 0),
(0, '', NULL, 0x3a3a3100000000000000000000000000, '2019-12-04 12:32:00', NULL, 0),
(0, '', NULL, 0x3a3a3100000000000000000000000000, '2019-12-04 12:32:00', NULL, 0),
(0, '', NULL, 0x3a3a3100000000000000000000000000, '2019-12-04 12:32:00', NULL, 0),
(0, '', NULL, 0x3a3a3100000000000000000000000000, '2019-12-04 12:32:00', NULL, 0),
(0, '', NULL, 0x3a3a3100000000000000000000000000, '2019-12-04 12:32:00', NULL, 0),
(0, '', NULL, 0x3a3a3100000000000000000000000000, '2019-12-04 12:32:00', NULL, 0),
(0, '', NULL, 0x3a3a3100000000000000000000000000, '2019-12-04 12:32:00', NULL, 0),
(0, '', NULL, 0x3a3a3100000000000000000000000000, '2019-12-04 12:32:00', NULL, 0),
(0, '', NULL, 0x3a3a3100000000000000000000000000, '2019-12-04 12:32:01', NULL, 0),
(0, '', NULL, 0x3a3a3100000000000000000000000000, '2019-12-04 12:32:01', NULL, 0),
(0, '', NULL, 0x3a3a3100000000000000000000000000, '2019-12-04 12:32:01', NULL, 0),
(0, '', NULL, 0x3a3a3100000000000000000000000000, '2019-12-04 12:32:01', NULL, 0),
(0, '', NULL, 0x3a3a3100000000000000000000000000, '2019-12-04 12:32:01', NULL, 0),
(0, '', NULL, 0x3a3a3100000000000000000000000000, '2019-12-04 12:32:01', NULL, 0),
(0, 'E302', NULL, 0x3a3a3100000000000000000000000000, '2019-12-04 12:33:22', NULL, 1),
(0, 'E302', NULL, 0x3a3a3100000000000000000000000000, '2019-12-04 12:33:47', NULL, 1),
(0, 'sudo', NULL, 0x3a3a3100000000000000000000000000, '2019-12-04 13:02:15', NULL, 1),
(0, 'E302', NULL, 0x3a3a3100000000000000000000000000, '2019-12-04 15:35:52', NULL, 1),
(0, 'E302', NULL, 0x3a3a3100000000000000000000000000, '2019-12-05 12:44:52', NULL, 1),
(0, 'admin', NULL, 0x3a3a3100000000000000000000000000, '2019-12-05 21:27:27', NULL, 1),
(0, 'E302', NULL, 0x3a3a3100000000000000000000000000, '2019-12-05 21:33:09', NULL, 1),
(0, 'E302', NULL, 0x3a3a3100000000000000000000000000, '2019-12-05 22:28:19', NULL, 1),
(0, 'E302', NULL, 0x3a3a3100000000000000000000000000, '2019-12-05 22:54:28', NULL, 1),
(0, 'E302', NULL, 0x3a3a3100000000000000000000000000, '2019-12-06 22:42:20', NULL, 1),
(0, 'E302', NULL, 0x3a3a3100000000000000000000000000, '2019-12-06 23:34:49', NULL, 1),
(0, 'E302', NULL, 0x3a3a3100000000000000000000000000, '2019-12-06 23:36:22', NULL, 1),
(0, 'E302', NULL, 0x3a3a3100000000000000000000000000, '2019-12-07 00:14:32', NULL, 1),
(0, 'E302', NULL, 0x3a3a3100000000000000000000000000, '2019-12-07 01:03:37', NULL, 1),
(0, 'E302', NULL, 0x3a3a3100000000000000000000000000, '2019-12-07 14:03:06', NULL, 1),
(0, '', NULL, 0x3a3a3100000000000000000000000000, '2019-12-07 22:08:54', NULL, 0),
(0, 'Test1', NULL, 0x3a3a3100000000000000000000000000, '2019-12-07 22:09:04', NULL, 1),
(0, 'host', NULL, 0x3a3a3100000000000000000000000000, '2019-12-07 22:10:31', NULL, 1),
(0, 'E302', NULL, 0x3a3a3100000000000000000000000000, '2019-12-08 00:40:49', NULL, 1),
(0, 'admin', NULL, 0x3a3a3100000000000000000000000000, '2019-12-09 13:05:56', NULL, 1),
(0, 'admin', NULL, 0x3a3a3100000000000000000000000000, '2019-12-16 00:58:30', NULL, 1),
(0, 'admin', NULL, 0x3a3a3100000000000000000000000000, '2019-12-18 05:12:54', NULL, 1),
(0, 'admin', NULL, 0x3a3a3100000000000000000000000000, '2019-12-22 10:58:49', NULL, 1),
(0, 'admin', NULL, 0x3a3a3100000000000000000000000000, '2019-12-22 11:28:10', NULL, 1),
(0, 'admin', NULL, 0x3a3a3100000000000000000000000000, '2019-12-24 18:11:46', NULL, 1),
(0, 'admin', NULL, 0x3a3a3100000000000000000000000000, '2019-12-29 08:30:45', NULL, 1),
(0, 'E302', NULL, 0x3a3a3100000000000000000000000000, '2019-12-29 15:41:52', NULL, 1),
(0, 'E302', NULL, 0x3a3a3100000000000000000000000000, '2019-12-29 15:48:23', NULL, 1),
(0, 'E302', NULL, 0x3a3a3100000000000000000000000000, '2019-12-29 16:22:19', NULL, 1),
(0, 'admin', NULL, 0x3a3a3100000000000000000000000000, '2019-12-30 07:33:00', NULL, 1),
(0, 'admin', NULL, 0x3a3a3100000000000000000000000000, '2020-01-04 06:27:18', NULL, 1),
(0, 'E302', NULL, 0x3a3a3100000000000000000000000000, '2020-01-04 06:28:43', NULL, 1),
(0, 'e302', NULL, 0x3a3a3100000000000000000000000000, '2020-01-04 06:28:51', NULL, 1),
(0, 'admin', NULL, 0x3a3a3100000000000000000000000000, '2020-01-05 09:18:16', NULL, 1),
(0, 'E302', NULL, 0x3a3a3100000000000000000000000000, '2020-01-05 10:07:51', NULL, 1),
(0, 'admin', NULL, 0x3a3a3100000000000000000000000000, '2020-01-06 16:27:17', NULL, 1),
(0, 'E302', NULL, 0x3a3a3100000000000000000000000000, '2020-01-06 16:29:14', NULL, 1),
(0, 'e302', NULL, 0x3132372e302e302e3100000000000000, '2020-01-06 17:10:16', NULL, 1),
(0, 'E302', NULL, 0x3a3a3100000000000000000000000000, '2020-01-06 19:28:10', NULL, 1),
(0, 'E302', NULL, 0x3a3a3100000000000000000000000000, '2020-01-06 19:30:21', NULL, 1),
(0, 'E302', NULL, 0x3a3a3100000000000000000000000000, '2020-01-06 19:33:07', NULL, 1),
(0, 'E302', NULL, 0x3a3a3100000000000000000000000000, '2020-01-06 19:37:22', NULL, 1),
(0, 'E302', NULL, 0x3a3a3100000000000000000000000000, '2020-01-06 19:40:06', NULL, 1),
(0, 'E302', NULL, 0x3a3a3100000000000000000000000000, '2020-01-06 19:42:51', NULL, 1),
(0, 'E302', NULL, 0x3a3a3100000000000000000000000000, '2020-01-06 19:45:05', NULL, 1),
(0, 'E302', NULL, 0x3a3a3100000000000000000000000000, '2020-01-06 19:46:13', NULL, 1),
(0, 'E302', NULL, 0x3a3a3100000000000000000000000000, '2020-01-06 19:48:15', NULL, 1),
(0, 'E302', NULL, 0x3a3a3100000000000000000000000000, '2020-01-06 19:59:37', NULL, 1),
(0, 'E302', NULL, 0x3a3a3100000000000000000000000000, '2020-01-06 20:00:01', NULL, 1),
(0, 'E302', NULL, 0x3a3a3100000000000000000000000000, '2020-01-06 20:04:51', NULL, 1),
(0, 'E302', NULL, 0x3a3a3100000000000000000000000000, '2020-01-06 20:06:18', NULL, 1),
(0, 'E302', NULL, 0x3a3a3100000000000000000000000000, '2020-01-06 20:07:43', NULL, 1),
(0, 'E302', NULL, 0x3a3a3100000000000000000000000000, '2020-01-06 20:10:17', NULL, 1),
(0, 'E302', NULL, 0x3a3a3100000000000000000000000000, '2020-01-06 20:15:38', NULL, 1),
(0, 'E302', NULL, 0x3a3a3100000000000000000000000000, '2020-01-06 20:22:02', NULL, 1),
(0, 'E302', NULL, 0x3a3a3100000000000000000000000000, '2020-01-06 20:23:42', NULL, 1),
(0, 'E302', NULL, 0x3a3a3100000000000000000000000000, '2020-01-06 20:27:37', NULL, 1),
(0, 'E302', NULL, 0x3a3a3100000000000000000000000000, '2020-01-06 20:28:49', NULL, 1),
(0, 'E302', NULL, 0x3a3a3100000000000000000000000000, '2020-01-06 20:29:43', NULL, 1),
(0, 'E302', NULL, 0x3a3a3100000000000000000000000000, '2020-01-06 20:30:33', NULL, 1),
(0, 'E302', NULL, 0x3a3a3100000000000000000000000000, '2020-01-06 20:34:40', NULL, 1),
(0, 'E302', NULL, 0x3a3a3100000000000000000000000000, '2020-01-06 20:35:09', NULL, 1),
(0, 'E302', NULL, 0x3a3a3100000000000000000000000000, '2020-01-06 20:36:22', NULL, 1),
(0, 'E302', NULL, 0x3a3a3100000000000000000000000000, '2020-01-06 20:45:29', NULL, 1),
(0, 'E302', NULL, 0x3a3a3100000000000000000000000000, '2020-01-06 20:57:09', NULL, 1),
(0, 'E302', NULL, 0x3a3a3100000000000000000000000000, '2020-01-06 21:02:50', NULL, 1),
(0, 'E302', NULL, 0x3a3a3100000000000000000000000000, '2020-01-06 21:03:53', NULL, 1),
(0, 'E302', NULL, 0x3a3a3100000000000000000000000000, '2020-01-06 21:08:12', NULL, 1),
(0, 'E302', NULL, 0x3a3a3100000000000000000000000000, '2020-01-06 21:36:44', NULL, 1),
(0, 'E302', NULL, 0x3a3a3100000000000000000000000000, '2020-01-06 21:42:43', NULL, 1),
(0, 'E302', NULL, 0x3a3a3100000000000000000000000000, '2020-01-06 22:02:53', NULL, 1),
(0, 'E302', NULL, 0x3a3a3100000000000000000000000000, '2020-01-06 23:47:42', NULL, 1),
(0, 'E302', NULL, 0x3a3a3100000000000000000000000000, '2020-01-06 23:48:27', NULL, 1),
(0, 'E302', NULL, 0x3a3a3100000000000000000000000000, '2020-01-06 23:59:34', NULL, 1),
(0, 'E302', NULL, 0x3a3a3100000000000000000000000000, '2020-01-07 00:00:27', NULL, 1),
(0, 'E302', NULL, 0x3a3a3100000000000000000000000000, '2020-01-07 00:01:19', NULL, 1),
(0, 'E302', NULL, 0x3a3a3100000000000000000000000000, '2020-01-07 00:15:00', NULL, 1),
(0, 'E302', NULL, 0x3a3a3100000000000000000000000000, '2020-01-07 00:21:21', NULL, 1),
(0, 'E302', NULL, 0x3a3a3100000000000000000000000000, '2020-01-07 00:26:29', NULL, 1),
(0, 'E302', NULL, 0x3a3a3100000000000000000000000000, '2020-01-07 00:29:24', NULL, 1),
(0, 'E302', NULL, 0x3a3a3100000000000000000000000000, '2020-01-07 00:49:37', NULL, 1),
(0, 'E302', NULL, 0x3a3a3100000000000000000000000000, '2020-01-07 00:50:38', NULL, 1),
(0, 'E302', NULL, 0x3a3a3100000000000000000000000000, '2020-01-07 00:52:34', NULL, 1),
(0, 'E302', NULL, 0x3a3a3100000000000000000000000000, '2020-01-07 00:54:40', NULL, 1),
(0, 'E302', NULL, 0x3a3a3100000000000000000000000000, '2020-01-07 01:08:24', NULL, 1),
(0, 'E302', NULL, 0x3a3a3100000000000000000000000000, '2020-01-07 01:18:13', NULL, 1),
(0, 'E302', NULL, 0x3a3a3100000000000000000000000000, '2020-01-07 01:21:45', NULL, 1),
(0, 'E302', NULL, 0x3a3a3100000000000000000000000000, '2020-01-07 01:26:32', NULL, 1),
(0, 'admin', NULL, 0x3a3a3100000000000000000000000000, '2020-01-08 05:32:46', NULL, 1),
(0, 'e302', NULL, 0x3a3a3100000000000000000000000000, '2020-01-08 17:37:51', NULL, 1),
(0, 'admin', NULL, 0x3a3a3100000000000000000000000000, '2020-01-08 17:43:32', NULL, 1),
(0, 'e302', NULL, 0x3a3a3100000000000000000000000000, '2020-01-08 18:01:48', NULL, 1),
(0, 'e302', NULL, 0x3a3a3100000000000000000000000000, '2020-01-08 18:02:40', NULL, 1),
(0, 'e302', NULL, 0x3a3a3100000000000000000000000000, '2020-01-08 18:39:39', NULL, 1),
(0, 'e302', NULL, 0x3a3a3100000000000000000000000000, '2020-01-08 18:40:15', NULL, 1),
(0, 'e302', NULL, 0x3a3a3100000000000000000000000000, '2020-01-08 19:30:42', NULL, 1),
(0, 'E302', NULL, 0x3a3a3100000000000000000000000000, '2019-10-13 20:17:14', NULL, 0),
(0, 'E302', NULL, 0x3a3a3100000000000000000000000000, '2019-10-13 20:19:10', NULL, 0),
(0, 'asd', NULL, 0x3a3a3100000000000000000000000000, '2019-10-13 20:40:18', NULL, 0),
(0, 'E302', NULL, 0x3a3a3100000000000000000000000000, '2019-10-13 20:40:22', NULL, 0),
(0, 'E302', NULL, 0x3a3a3100000000000000000000000000, '2019-10-13 20:40:25', NULL, 0),
(0, 't', NULL, 0x3a3a3100000000000000000000000000, '2019-10-13 20:44:49', NULL, 0),
(0, 'E302', NULL, 0x3a3a3100000000000000000000000000, '2019-10-13 20:44:52', NULL, 0),
(0, 'E302', NULL, 0x3a3a3100000000000000000000000000, '2019-10-13 20:45:04', NULL, 0),
(0, 'asss', NULL, 0x3a3a3100000000000000000000000000, '2019-10-13 20:45:33', NULL, 0),
(0, 'E302', NULL, 0x3a3a3100000000000000000000000000, '2019-10-13 20:48:42', NULL, 1),
(0, 'asd', NULL, 0x3a3a3100000000000000000000000000, '2019-10-13 20:48:52', NULL, 0),
(0, 'asd', NULL, 0x3a3a3100000000000000000000000000, '2019-10-13 20:48:56', NULL, 0),
(0, 'E302', NULL, 0x3a3a3100000000000000000000000000, '2019-10-13 20:48:59', NULL, 1),
(0, 'E302', NULL, 0x3a3a3100000000000000000000000000, '2019-10-13 20:50:51', NULL, 0),
(0, 'E302', NULL, 0x3a3a3100000000000000000000000000, '2019-10-13 20:51:17', NULL, 1),
(0, 'E302', NULL, 0x3a3a3100000000000000000000000000, '2019-10-13 21:00:49', NULL, 1),
(0, 'E302', NULL, 0x3a3a3100000000000000000000000000, '2019-10-13 21:00:54', NULL, 1),
(0, 'E302', NULL, 0x3a3a3100000000000000000000000000, '2019-10-13 21:01:24', NULL, 1),
(0, 'E302', NULL, 0x3a3a3100000000000000000000000000, '2019-10-13 21:03:10', NULL, 1),
(0, 'E302', NULL, 0x3a3a3100000000000000000000000000, '2019-10-13 21:15:55', NULL, 1),
(0, 'E302', NULL, 0x3a3a3100000000000000000000000000, '2019-10-13 21:53:55', NULL, 1),
(0, 'E302', NULL, 0x3a3a3100000000000000000000000000, '2019-10-13 21:54:22', NULL, 1),
(0, 'E302', NULL, 0x3a3a3100000000000000000000000000, '2019-10-13 22:28:05', NULL, 1),
(0, 'E302', NULL, 0x3a3a3100000000000000000000000000, '2019-10-14 00:23:07', NULL, 1),
(0, 'E302', NULL, 0x3a3a3100000000000000000000000000, '2019-10-14 01:38:46', NULL, 1),
(0, 'E302', NULL, 0x3a3a3100000000000000000000000000, '2019-10-14 01:39:05', NULL, 1),
(0, 'E302', NULL, 0x3a3a3100000000000000000000000000, '2019-10-17 13:31:50', NULL, 0),
(0, 'E302', NULL, 0x3a3a3100000000000000000000000000, '2019-10-17 13:31:57', NULL, 1),
(0, 'E302', NULL, 0x3a3a3100000000000000000000000000, '2019-10-17 16:04:00', NULL, 1),
(0, 'E302', NULL, 0x3a3a3100000000000000000000000000, '2019-10-17 16:05:09', NULL, 0),
(0, 'E302', NULL, 0x3a3a3100000000000000000000000000, '2019-10-17 16:12:36', NULL, 1),
(0, 'E302', NULL, 0x3a3a3100000000000000000000000000, '2019-10-17 16:23:46', NULL, 1),
(0, 'E302', NULL, 0x3a3a3100000000000000000000000000, '2019-10-17 19:51:38', NULL, 1),
(0, 'E302', NULL, 0x3a3a3100000000000000000000000000, '2019-10-18 13:03:27', NULL, 1),
(0, 'E302', NULL, 0x3a3a3100000000000000000000000000, '2019-10-18 14:36:42', NULL, 1),
(0, 'E302', NULL, 0x3a3a3100000000000000000000000000, '2019-10-18 15:53:38', NULL, 1),
(0, 'E302', NULL, 0x3a3a3100000000000000000000000000, '2019-10-18 15:54:46', NULL, 1),
(0, 'E302', NULL, 0x3a3a3100000000000000000000000000, '2019-10-18 15:55:09', NULL, 1),
(0, 'E302', NULL, 0x3a3a3100000000000000000000000000, '2019-10-18 15:57:20', NULL, 1),
(0, 'E302', NULL, 0x3a3a3100000000000000000000000000, '2019-10-18 15:59:45', NULL, 1),
(0, 'E302', NULL, 0x3a3a3100000000000000000000000000, '2019-10-18 16:03:12', NULL, 1),
(0, 'E302', NULL, 0x3a3a3100000000000000000000000000, '2019-10-18 16:33:32', NULL, 1),
(0, 'E302', NULL, 0x3a3a3100000000000000000000000000, '2019-10-19 16:30:49', NULL, 1),
(0, 'E302', NULL, 0x3a3a3100000000000000000000000000, '2019-10-19 18:58:32', NULL, 1),
(0, 'E302', NULL, 0x3a3a3100000000000000000000000000, '2019-10-21 20:10:06', NULL, 1),
(0, '', NULL, 0x3a3a3100000000000000000000000000, '2019-10-21 22:43:19', NULL, 0),
(0, '', NULL, 0x3a3a3100000000000000000000000000, '2019-10-21 22:43:26', NULL, 0),
(0, '', NULL, 0x3a3a3100000000000000000000000000, '2019-10-21 22:43:58', NULL, 0),
(0, '', NULL, 0x3a3a3100000000000000000000000000, '2019-10-21 22:44:06', NULL, 0),
(0, 'admin', NULL, 0x3a3a3100000000000000000000000000, '2019-10-21 22:59:41', NULL, 1),
(0, '', NULL, 0x3a3a3100000000000000000000000000, '2019-10-21 22:59:58', NULL, 0),
(0, '', NULL, 0x3a3a3100000000000000000000000000, '2019-10-21 23:00:13', NULL, 0),
(0, '', NULL, 0x3a3a3100000000000000000000000000, '2019-10-21 23:00:16', NULL, 0),
(0, 'admin', NULL, 0x3a3a3100000000000000000000000000, '2019-10-21 23:00:19', NULL, 1),
(0, '', NULL, 0x3a3a3100000000000000000000000000, '2019-10-21 23:00:52', NULL, 0),
(0, 'admin', NULL, 0x3a3a3100000000000000000000000000, '2019-10-21 23:00:55', NULL, 1),
(0, 'admin', NULL, 0x3a3a3100000000000000000000000000, '2019-10-21 23:08:24', NULL, 1),
(0, 'admin', NULL, 0x3a3a3100000000000000000000000000, '2019-10-22 16:22:21', NULL, 1),
(0, 'admin', NULL, 0x3a3a3100000000000000000000000000, '2019-10-23 15:57:23', NULL, 1),
(0, 'admin', NULL, 0x3a3a3100000000000000000000000000, '2019-11-02 17:33:52', NULL, 1),
(0, '', NULL, 0x3a3a3100000000000000000000000000, '2019-11-02 17:33:59', NULL, 0),
(0, 'admin', NULL, 0x3a3a3100000000000000000000000000, '2019-11-02 17:34:47', NULL, 1),
(0, '', NULL, 0x3a3a3100000000000000000000000000, '2019-11-02 17:35:14', NULL, 0),
(0, 'admin', NULL, 0x3a3a3100000000000000000000000000, '2019-11-02 17:35:28', NULL, 1),
(0, '', NULL, 0x3a3a3100000000000000000000000000, '2019-11-02 17:35:34', NULL, 0),
(0, 'admin', NULL, 0x3a3a3100000000000000000000000000, '2019-11-02 17:37:43', NULL, 1),
(0, 'admin', NULL, 0x3a3a3100000000000000000000000000, '2019-11-02 17:38:44', NULL, 1),
(0, '', NULL, 0x3a3a3100000000000000000000000000, '2019-11-02 19:24:40', NULL, 0),
(0, '', NULL, 0x3a3a3100000000000000000000000000, '2019-11-02 19:24:51', NULL, 0),
(0, 'admin', NULL, 0x3a3a3100000000000000000000000000, '2019-11-02 19:26:55', NULL, 1),
(0, 'admin', NULL, 0x3a3a3100000000000000000000000000, '2019-11-04 18:17:50', NULL, 1),
(0, 'admin', NULL, 0x3a3a3100000000000000000000000000, '2019-11-06 20:03:39', NULL, 1);
INSERT INTO `userlog` (`id`, `unitno`, `userEmail`, `userip`, `loginTime`, `logout`, `status`) VALUES
(0, 'admin', NULL, 0x3a3a3100000000000000000000000000, '2019-11-07 00:43:44', NULL, 1),
(0, 'admin', NULL, 0x3a3a3100000000000000000000000000, '2019-11-10 18:09:09', NULL, 1),
(0, 'admin', NULL, 0x3a3a3100000000000000000000000000, '2019-11-12 04:23:40', NULL, 1),
(0, 'admin', NULL, 0x3a3a3100000000000000000000000000, '2019-11-19 19:08:50', NULL, 1),
(0, 'admin', NULL, 0x3a3a3100000000000000000000000000, '2019-11-21 20:29:54', NULL, 1),
(0, 'admin', NULL, 0x3a3a3100000000000000000000000000, '2019-11-23 18:41:19', NULL, 1),
(0, 'admin', NULL, 0x3a3a3100000000000000000000000000, '2019-11-24 15:11:07', NULL, 1),
(0, '', NULL, 0x3a3a3100000000000000000000000000, '2019-11-24 23:01:18', NULL, 0),
(0, '', NULL, 0x3a3a3100000000000000000000000000, '2019-11-24 23:01:26', NULL, 0),
(0, 'host', NULL, 0x3a3a3100000000000000000000000000, '2019-11-24 23:02:26', NULL, 1),
(0, 'admin', NULL, 0x3a3a3100000000000000000000000000, '2019-11-24 23:08:36', NULL, 1),
(0, 'host', NULL, 0x3a3a3100000000000000000000000000, '2019-11-24 23:18:56', NULL, 1),
(0, 'admin', NULL, 0x3a3a3100000000000000000000000000, '2019-11-24 23:33:17', NULL, 1),
(0, 'host', NULL, 0x3a3a3100000000000000000000000000, '2019-11-24 23:36:20', NULL, 1),
(0, 'admin', NULL, 0x3a3a3100000000000000000000000000, '2019-11-24 23:37:10', NULL, 1),
(0, 'host', NULL, 0x3a3a3100000000000000000000000000, '2019-11-24 23:39:28', NULL, 1),
(0, 'admin', NULL, 0x3a3a3100000000000000000000000000, '2019-11-24 23:50:08', NULL, 1),
(0, 'host', NULL, 0x3a3a3100000000000000000000000000, '2019-11-24 23:50:34', NULL, 1),
(0, 'admin', NULL, 0x3a3a3100000000000000000000000000, '2019-11-24 23:55:39', NULL, 1),
(0, 'host', NULL, 0x3a3a3100000000000000000000000000, '2019-11-25 00:23:14', NULL, 1),
(0, '', NULL, 0x3a3a3100000000000000000000000000, '2019-11-25 00:43:25', NULL, 0),
(0, 'admin', NULL, 0x3a3a3100000000000000000000000000, '2019-11-25 00:43:29', NULL, 1),
(0, 'host', NULL, 0x3a3a3100000000000000000000000000, '2019-11-25 00:43:52', NULL, 1),
(0, 'admin', NULL, 0x3a3a3100000000000000000000000000, '2019-12-02 15:52:23', NULL, 1),
(0, '', NULL, 0x3a3a3100000000000000000000000000, '2019-12-04 12:21:53', NULL, 0),
(0, '', NULL, 0x3a3a3100000000000000000000000000, '2019-12-04 12:21:53', NULL, 0),
(0, '', NULL, 0x3a3a3100000000000000000000000000, '2019-12-04 12:21:53', NULL, 0),
(0, '', NULL, 0x3a3a3100000000000000000000000000, '2019-12-04 12:21:53', NULL, 0),
(0, '', NULL, 0x3a3a3100000000000000000000000000, '2019-12-04 12:21:53', NULL, 0),
(0, '', NULL, 0x3a3a3100000000000000000000000000, '2019-12-04 12:21:53', NULL, 0),
(0, '', NULL, 0x3a3a3100000000000000000000000000, '2019-12-04 12:21:53', NULL, 0),
(0, '', NULL, 0x3a3a3100000000000000000000000000, '2019-12-04 12:21:53', NULL, 0),
(0, '', NULL, 0x3a3a3100000000000000000000000000, '2019-12-04 12:21:53', NULL, 0),
(0, '', NULL, 0x3a3a3100000000000000000000000000, '2019-12-04 12:21:53', NULL, 0),
(0, '', NULL, 0x3a3a3100000000000000000000000000, '2019-12-04 12:21:53', NULL, 0),
(0, '', NULL, 0x3a3a3100000000000000000000000000, '2019-12-04 12:21:53', NULL, 0),
(0, '', NULL, 0x3a3a3100000000000000000000000000, '2019-12-04 12:21:53', NULL, 0),
(0, '', NULL, 0x3a3a3100000000000000000000000000, '2019-12-04 12:21:53', NULL, 0),
(0, '', NULL, 0x3a3a3100000000000000000000000000, '2019-12-04 12:21:53', NULL, 0),
(0, '', NULL, 0x3a3a3100000000000000000000000000, '2019-12-04 12:21:53', NULL, 0),
(0, '', NULL, 0x3a3a3100000000000000000000000000, '2019-12-04 12:21:53', NULL, 0),
(0, '', NULL, 0x3a3a3100000000000000000000000000, '2019-12-04 12:21:53', NULL, 0),
(0, '', NULL, 0x3a3a3100000000000000000000000000, '2019-12-04 12:21:53', NULL, 0),
(0, '', NULL, 0x3a3a3100000000000000000000000000, '2019-12-04 12:21:53', NULL, 0),
(0, '', NULL, 0x3a3a3100000000000000000000000000, '2019-12-04 12:21:58', NULL, 0),
(0, '', NULL, 0x3a3a3100000000000000000000000000, '2019-12-04 12:21:58', NULL, 0),
(0, '', NULL, 0x3a3a3100000000000000000000000000, '2019-12-04 12:21:58', NULL, 0),
(0, '', NULL, 0x3a3a3100000000000000000000000000, '2019-12-04 12:21:58', NULL, 0),
(0, '', NULL, 0x3a3a3100000000000000000000000000, '2019-12-04 12:21:58', NULL, 0),
(0, '', NULL, 0x3a3a3100000000000000000000000000, '2019-12-04 12:21:58', NULL, 0),
(0, '', NULL, 0x3a3a3100000000000000000000000000, '2019-12-04 12:21:58', NULL, 0),
(0, '', NULL, 0x3a3a3100000000000000000000000000, '2019-12-04 12:21:58', NULL, 0),
(0, '', NULL, 0x3a3a3100000000000000000000000000, '2019-12-04 12:21:58', NULL, 0),
(0, '', NULL, 0x3a3a3100000000000000000000000000, '2019-12-04 12:21:58', NULL, 0),
(0, '', NULL, 0x3a3a3100000000000000000000000000, '2019-12-04 12:21:58', NULL, 0),
(0, '', NULL, 0x3a3a3100000000000000000000000000, '2019-12-04 12:21:58', NULL, 0),
(0, '', NULL, 0x3a3a3100000000000000000000000000, '2019-12-04 12:21:58', NULL, 0),
(0, '', NULL, 0x3a3a3100000000000000000000000000, '2019-12-04 12:21:58', NULL, 0),
(0, '', NULL, 0x3a3a3100000000000000000000000000, '2019-12-04 12:21:58', NULL, 0),
(0, '', NULL, 0x3a3a3100000000000000000000000000, '2019-12-04 12:21:58', NULL, 0),
(0, '', NULL, 0x3a3a3100000000000000000000000000, '2019-12-04 12:21:58', NULL, 0),
(0, '', NULL, 0x3a3a3100000000000000000000000000, '2019-12-04 12:21:58', NULL, 0),
(0, '', NULL, 0x3a3a3100000000000000000000000000, '2019-12-04 12:21:58', NULL, 0),
(0, '', NULL, 0x3a3a3100000000000000000000000000, '2019-12-04 12:21:58', NULL, 0),
(0, '', NULL, 0x3a3a3100000000000000000000000000, '2019-12-04 12:22:03', NULL, 0),
(0, '', NULL, 0x3a3a3100000000000000000000000000, '2019-12-04 12:22:03', NULL, 0),
(0, '', NULL, 0x3a3a3100000000000000000000000000, '2019-12-04 12:22:03', NULL, 0),
(0, '', NULL, 0x3a3a3100000000000000000000000000, '2019-12-04 12:22:03', NULL, 0),
(0, '', NULL, 0x3a3a3100000000000000000000000000, '2019-12-04 12:22:03', NULL, 0),
(0, '', NULL, 0x3a3a3100000000000000000000000000, '2019-12-04 12:22:03', NULL, 0),
(0, '', NULL, 0x3a3a3100000000000000000000000000, '2019-12-04 12:22:03', NULL, 0),
(0, '', NULL, 0x3a3a3100000000000000000000000000, '2019-12-04 12:22:03', NULL, 0),
(0, '', NULL, 0x3a3a3100000000000000000000000000, '2019-12-04 12:22:03', NULL, 0),
(0, '', NULL, 0x3a3a3100000000000000000000000000, '2019-12-04 12:22:03', NULL, 0),
(0, '', NULL, 0x3a3a3100000000000000000000000000, '2019-12-04 12:22:03', NULL, 0),
(0, '', NULL, 0x3a3a3100000000000000000000000000, '2019-12-04 12:22:03', NULL, 0),
(0, '', NULL, 0x3a3a3100000000000000000000000000, '2019-12-04 12:22:03', NULL, 0),
(0, '', NULL, 0x3a3a3100000000000000000000000000, '2019-12-04 12:22:03', NULL, 0),
(0, '', NULL, 0x3a3a3100000000000000000000000000, '2019-12-04 12:22:03', NULL, 0),
(0, '', NULL, 0x3a3a3100000000000000000000000000, '2019-12-04 12:22:04', NULL, 0),
(0, '', NULL, 0x3a3a3100000000000000000000000000, '2019-12-04 12:22:04', NULL, 0),
(0, '', NULL, 0x3a3a3100000000000000000000000000, '2019-12-04 12:22:04', NULL, 0),
(0, '', NULL, 0x3a3a3100000000000000000000000000, '2019-12-04 12:22:04', NULL, 0),
(0, '', NULL, 0x3a3a3100000000000000000000000000, '2019-12-04 12:22:04', NULL, 0),
(0, '', NULL, 0x3a3a3100000000000000000000000000, '2019-12-04 12:22:34', NULL, 0),
(0, '', NULL, 0x3a3a3100000000000000000000000000, '2019-12-04 12:22:34', NULL, 0),
(0, '', NULL, 0x3a3a3100000000000000000000000000, '2019-12-04 12:22:34', NULL, 0),
(0, '', NULL, 0x3a3a3100000000000000000000000000, '2019-12-04 12:22:34', NULL, 0),
(0, '', NULL, 0x3a3a3100000000000000000000000000, '2019-12-04 12:22:34', NULL, 0),
(0, '', NULL, 0x3a3a3100000000000000000000000000, '2019-12-04 12:22:34', NULL, 0),
(0, '', NULL, 0x3a3a3100000000000000000000000000, '2019-12-04 12:22:34', NULL, 0),
(0, '', NULL, 0x3a3a3100000000000000000000000000, '2019-12-04 12:22:34', NULL, 0),
(0, '', NULL, 0x3a3a3100000000000000000000000000, '2019-12-04 12:22:34', NULL, 0),
(0, '', NULL, 0x3a3a3100000000000000000000000000, '2019-12-04 12:22:34', NULL, 0),
(0, '', NULL, 0x3a3a3100000000000000000000000000, '2019-12-04 12:22:34', NULL, 0),
(0, '', NULL, 0x3a3a3100000000000000000000000000, '2019-12-04 12:22:34', NULL, 0),
(0, '', NULL, 0x3a3a3100000000000000000000000000, '2019-12-04 12:22:34', NULL, 0),
(0, '', NULL, 0x3a3a3100000000000000000000000000, '2019-12-04 12:22:34', NULL, 0),
(0, '', NULL, 0x3a3a3100000000000000000000000000, '2019-12-04 12:22:34', NULL, 0),
(0, '', NULL, 0x3a3a3100000000000000000000000000, '2019-12-04 12:22:34', NULL, 0),
(0, '', NULL, 0x3a3a3100000000000000000000000000, '2019-12-04 12:22:34', NULL, 0),
(0, '', NULL, 0x3a3a3100000000000000000000000000, '2019-12-04 12:22:34', NULL, 0),
(0, '', NULL, 0x3a3a3100000000000000000000000000, '2019-12-04 12:22:34', NULL, 0),
(0, '', NULL, 0x3a3a3100000000000000000000000000, '2019-12-04 12:22:34', NULL, 0),
(0, '', NULL, 0x3a3a3100000000000000000000000000, '2019-12-04 12:22:39', NULL, 0),
(0, '', NULL, 0x3a3a3100000000000000000000000000, '2019-12-04 12:22:39', NULL, 0),
(0, '', NULL, 0x3a3a3100000000000000000000000000, '2019-12-04 12:22:39', NULL, 0),
(0, '', NULL, 0x3a3a3100000000000000000000000000, '2019-12-04 12:22:39', NULL, 0),
(0, '', NULL, 0x3a3a3100000000000000000000000000, '2019-12-04 12:22:39', NULL, 0),
(0, '', NULL, 0x3a3a3100000000000000000000000000, '2019-12-04 12:22:39', NULL, 0),
(0, '', NULL, 0x3a3a3100000000000000000000000000, '2019-12-04 12:22:39', NULL, 0),
(0, '', NULL, 0x3a3a3100000000000000000000000000, '2019-12-04 12:22:39', NULL, 0),
(0, '', NULL, 0x3a3a3100000000000000000000000000, '2019-12-04 12:22:39', NULL, 0),
(0, '', NULL, 0x3a3a3100000000000000000000000000, '2019-12-04 12:22:39', NULL, 0),
(0, '', NULL, 0x3a3a3100000000000000000000000000, '2019-12-04 12:22:39', NULL, 0),
(0, '', NULL, 0x3a3a3100000000000000000000000000, '2019-12-04 12:22:39', NULL, 0),
(0, '', NULL, 0x3a3a3100000000000000000000000000, '2019-12-04 12:22:39', NULL, 0),
(0, '', NULL, 0x3a3a3100000000000000000000000000, '2019-12-04 12:22:39', NULL, 0),
(0, '', NULL, 0x3a3a3100000000000000000000000000, '2019-12-04 12:22:39', NULL, 0),
(0, '', NULL, 0x3a3a3100000000000000000000000000, '2019-12-04 12:22:39', NULL, 0),
(0, '', NULL, 0x3a3a3100000000000000000000000000, '2019-12-04 12:22:39', NULL, 0),
(0, '', NULL, 0x3a3a3100000000000000000000000000, '2019-12-04 12:22:40', NULL, 0),
(0, '', NULL, 0x3a3a3100000000000000000000000000, '2019-12-04 12:22:40', NULL, 0),
(0, '', NULL, 0x3a3a3100000000000000000000000000, '2019-12-04 12:23:10', NULL, 0),
(0, '', NULL, 0x3a3a3100000000000000000000000000, '2019-12-04 12:23:10', NULL, 0),
(0, '', NULL, 0x3a3a3100000000000000000000000000, '2019-12-04 12:23:10', NULL, 0),
(0, '', NULL, 0x3a3a3100000000000000000000000000, '2019-12-04 12:23:10', NULL, 0),
(0, '', NULL, 0x3a3a3100000000000000000000000000, '2019-12-04 12:23:10', NULL, 0),
(0, '', NULL, 0x3a3a3100000000000000000000000000, '2019-12-04 12:23:10', NULL, 0),
(0, '', NULL, 0x3a3a3100000000000000000000000000, '2019-12-04 12:23:10', NULL, 0),
(0, '', NULL, 0x3a3a3100000000000000000000000000, '2019-12-04 12:23:10', NULL, 0),
(0, '', NULL, 0x3a3a3100000000000000000000000000, '2019-12-04 12:23:10', NULL, 0),
(0, '', NULL, 0x3a3a3100000000000000000000000000, '2019-12-04 12:23:10', NULL, 0),
(0, '', NULL, 0x3a3a3100000000000000000000000000, '2019-12-04 12:23:10', NULL, 0),
(0, '', NULL, 0x3a3a3100000000000000000000000000, '2019-12-04 12:23:10', NULL, 0),
(0, '', NULL, 0x3a3a3100000000000000000000000000, '2019-12-04 12:23:10', NULL, 0),
(0, '', NULL, 0x3a3a3100000000000000000000000000, '2019-12-04 12:23:10', NULL, 0),
(0, '', NULL, 0x3a3a3100000000000000000000000000, '2019-12-04 12:23:10', NULL, 0),
(0, '', NULL, 0x3a3a3100000000000000000000000000, '2019-12-04 12:23:10', NULL, 0),
(0, '', NULL, 0x3a3a3100000000000000000000000000, '2019-12-04 12:23:10', NULL, 0),
(0, '', NULL, 0x3a3a3100000000000000000000000000, '2019-12-04 12:23:10', NULL, 0),
(0, '', NULL, 0x3a3a3100000000000000000000000000, '2019-12-04 12:23:10', NULL, 0),
(0, '', NULL, 0x3a3a3100000000000000000000000000, '2019-12-04 12:23:10', NULL, 0),
(0, '', NULL, 0x3a3a3100000000000000000000000000, '2019-12-04 12:29:57', NULL, 0),
(0, '', NULL, 0x3a3a3100000000000000000000000000, '2019-12-04 12:29:57', NULL, 0),
(0, '', NULL, 0x3a3a3100000000000000000000000000, '2019-12-04 12:29:57', NULL, 0),
(0, '', NULL, 0x3a3a3100000000000000000000000000, '2019-12-04 12:29:57', NULL, 0),
(0, '', NULL, 0x3a3a3100000000000000000000000000, '2019-12-04 12:29:57', NULL, 0),
(0, '', NULL, 0x3a3a3100000000000000000000000000, '2019-12-04 12:29:57', NULL, 0),
(0, '', NULL, 0x3a3a3100000000000000000000000000, '2019-12-04 12:29:57', NULL, 0),
(0, '', NULL, 0x3a3a3100000000000000000000000000, '2019-12-04 12:29:58', NULL, 0),
(0, '', NULL, 0x3a3a3100000000000000000000000000, '2019-12-04 12:29:58', NULL, 0),
(0, '', NULL, 0x3a3a3100000000000000000000000000, '2019-12-04 12:29:58', NULL, 0),
(0, '', NULL, 0x3a3a3100000000000000000000000000, '2019-12-04 12:29:58', NULL, 0),
(0, '', NULL, 0x3a3a3100000000000000000000000000, '2019-12-04 12:29:58', NULL, 0),
(0, '', NULL, 0x3a3a3100000000000000000000000000, '2019-12-04 12:29:58', NULL, 0),
(0, '', NULL, 0x3a3a3100000000000000000000000000, '2019-12-04 12:29:58', NULL, 0),
(0, '', NULL, 0x3a3a3100000000000000000000000000, '2019-12-04 12:29:58', NULL, 0),
(0, '', NULL, 0x3a3a3100000000000000000000000000, '2019-12-04 12:29:58', NULL, 0),
(0, '', NULL, 0x3a3a3100000000000000000000000000, '2019-12-04 12:29:58', NULL, 0),
(0, '', NULL, 0x3a3a3100000000000000000000000000, '2019-12-04 12:29:58', NULL, 0),
(0, '', NULL, 0x3a3a3100000000000000000000000000, '2019-12-04 12:29:58', NULL, 0),
(0, '', NULL, 0x3a3a3100000000000000000000000000, '2019-12-04 12:29:58', NULL, 0),
(0, '', NULL, 0x3a3a3100000000000000000000000000, '2019-12-04 12:29:58', NULL, 0),
(0, '', NULL, 0x3a3a3100000000000000000000000000, '2019-12-04 12:29:58', NULL, 0),
(0, '', NULL, 0x3a3a3100000000000000000000000000, '2019-12-04 12:29:58', NULL, 0),
(0, '', NULL, 0x3a3a3100000000000000000000000000, '2019-12-04 12:29:58', NULL, 0),
(0, '', NULL, 0x3a3a3100000000000000000000000000, '2019-12-04 12:29:58', NULL, 0),
(0, '', NULL, 0x3a3a3100000000000000000000000000, '2019-12-04 12:29:58', NULL, 0),
(0, '', NULL, 0x3a3a3100000000000000000000000000, '2019-12-04 12:29:58', NULL, 0),
(0, '', NULL, 0x3a3a3100000000000000000000000000, '2019-12-04 12:29:58', NULL, 0),
(0, '', NULL, 0x3a3a3100000000000000000000000000, '2019-12-04 12:29:58', NULL, 0),
(0, '', NULL, 0x3a3a3100000000000000000000000000, '2019-12-04 12:29:58', NULL, 0),
(0, '', NULL, 0x3a3a3100000000000000000000000000, '2019-12-04 12:29:58', NULL, 0),
(0, '', NULL, 0x3a3a3100000000000000000000000000, '2019-12-04 12:29:58', NULL, 0),
(0, '', NULL, 0x3a3a3100000000000000000000000000, '2019-12-04 12:29:58', NULL, 0),
(0, '', NULL, 0x3a3a3100000000000000000000000000, '2019-12-04 12:29:58', NULL, 0),
(0, '', NULL, 0x3a3a3100000000000000000000000000, '2019-12-04 12:29:58', NULL, 0),
(0, '', NULL, 0x3a3a3100000000000000000000000000, '2019-12-04 12:29:58', NULL, 0),
(0, '', NULL, 0x3a3a3100000000000000000000000000, '2019-12-04 12:29:58', NULL, 0),
(0, '', NULL, 0x3a3a3100000000000000000000000000, '2019-12-04 12:29:58', NULL, 0),
(0, '', NULL, 0x3a3a3100000000000000000000000000, '2019-12-04 12:29:58', NULL, 0),
(0, '', NULL, 0x3a3a3100000000000000000000000000, '2019-12-04 12:29:58', NULL, 0),
(0, '', NULL, 0x3a3a3100000000000000000000000000, '2019-12-04 12:30:04', NULL, 0),
(0, '', NULL, 0x3a3a3100000000000000000000000000, '2019-12-04 12:30:04', NULL, 0),
(0, '', NULL, 0x3a3a3100000000000000000000000000, '2019-12-04 12:30:04', NULL, 0),
(0, '', NULL, 0x3a3a3100000000000000000000000000, '2019-12-04 12:30:04', NULL, 0),
(0, '', NULL, 0x3a3a3100000000000000000000000000, '2019-12-04 12:30:04', NULL, 0),
(0, '', NULL, 0x3a3a3100000000000000000000000000, '2019-12-04 12:30:04', NULL, 0),
(0, '', NULL, 0x3a3a3100000000000000000000000000, '2019-12-04 12:30:04', NULL, 0),
(0, '', NULL, 0x3a3a3100000000000000000000000000, '2019-12-04 12:30:04', NULL, 0),
(0, '', NULL, 0x3a3a3100000000000000000000000000, '2019-12-04 12:30:04', NULL, 0),
(0, '', NULL, 0x3a3a3100000000000000000000000000, '2019-12-04 12:30:04', NULL, 0),
(0, '', NULL, 0x3a3a3100000000000000000000000000, '2019-12-04 12:30:04', NULL, 0),
(0, '', NULL, 0x3a3a3100000000000000000000000000, '2019-12-04 12:30:04', NULL, 0),
(0, '', NULL, 0x3a3a3100000000000000000000000000, '2019-12-04 12:30:04', NULL, 0),
(0, '', NULL, 0x3a3a3100000000000000000000000000, '2019-12-04 12:30:04', NULL, 0),
(0, '', NULL, 0x3a3a3100000000000000000000000000, '2019-12-04 12:30:04', NULL, 0),
(0, '', NULL, 0x3a3a3100000000000000000000000000, '2019-12-04 12:30:04', NULL, 0),
(0, '', NULL, 0x3a3a3100000000000000000000000000, '2019-12-04 12:30:04', NULL, 0),
(0, '', NULL, 0x3a3a3100000000000000000000000000, '2019-12-04 12:30:04', NULL, 0),
(0, '', NULL, 0x3a3a3100000000000000000000000000, '2019-12-04 12:30:04', NULL, 0),
(0, '', NULL, 0x3a3a3100000000000000000000000000, '2019-12-04 12:30:04', NULL, 0),
(0, '', NULL, 0x3a3a3100000000000000000000000000, '2019-12-04 12:30:20', NULL, 0),
(0, '', NULL, 0x3a3a3100000000000000000000000000, '2019-12-04 12:30:20', NULL, 0),
(0, '', NULL, 0x3a3a3100000000000000000000000000, '2019-12-04 12:30:20', NULL, 0),
(0, '', NULL, 0x3a3a3100000000000000000000000000, '2019-12-04 12:30:20', NULL, 0),
(0, '', NULL, 0x3a3a3100000000000000000000000000, '2019-12-04 12:30:20', NULL, 0),
(0, '', NULL, 0x3a3a3100000000000000000000000000, '2019-12-04 12:30:20', NULL, 0),
(0, '', NULL, 0x3a3a3100000000000000000000000000, '2019-12-04 12:30:20', NULL, 0),
(0, '', NULL, 0x3a3a3100000000000000000000000000, '2019-12-04 12:30:20', NULL, 0),
(0, '', NULL, 0x3a3a3100000000000000000000000000, '2019-12-04 12:30:20', NULL, 0),
(0, '', NULL, 0x3a3a3100000000000000000000000000, '2019-12-04 12:30:20', NULL, 0),
(0, '', NULL, 0x3a3a3100000000000000000000000000, '2019-12-04 12:30:20', NULL, 0),
(0, '', NULL, 0x3a3a3100000000000000000000000000, '2019-12-04 12:30:20', NULL, 0),
(0, '', NULL, 0x3a3a3100000000000000000000000000, '2019-12-04 12:30:20', NULL, 0),
(0, '', NULL, 0x3a3a3100000000000000000000000000, '2019-12-04 12:30:20', NULL, 0),
(0, '', NULL, 0x3a3a3100000000000000000000000000, '2019-12-04 12:30:20', NULL, 0),
(0, '', NULL, 0x3a3a3100000000000000000000000000, '2019-12-04 12:30:20', NULL, 0),
(0, '', NULL, 0x3a3a3100000000000000000000000000, '2019-12-04 12:30:20', NULL, 0),
(0, '', NULL, 0x3a3a3100000000000000000000000000, '2019-12-04 12:30:20', NULL, 0),
(0, '', NULL, 0x3a3a3100000000000000000000000000, '2019-12-04 12:30:20', NULL, 0),
(0, '', NULL, 0x3a3a3100000000000000000000000000, '2019-12-04 12:30:20', NULL, 0),
(0, '', NULL, 0x3a3a3100000000000000000000000000, '2019-12-04 12:30:25', NULL, 0),
(0, '', NULL, 0x3a3a3100000000000000000000000000, '2019-12-04 12:30:25', NULL, 0),
(0, '', NULL, 0x3a3a3100000000000000000000000000, '2019-12-04 12:30:25', NULL, 0),
(0, '', NULL, 0x3a3a3100000000000000000000000000, '2019-12-04 12:30:25', NULL, 0),
(0, '', NULL, 0x3a3a3100000000000000000000000000, '2019-12-04 12:30:25', NULL, 0),
(0, '', NULL, 0x3a3a3100000000000000000000000000, '2019-12-04 12:30:25', NULL, 0),
(0, '', NULL, 0x3a3a3100000000000000000000000000, '2019-12-04 12:30:25', NULL, 0),
(0, '', NULL, 0x3a3a3100000000000000000000000000, '2019-12-04 12:30:25', NULL, 0),
(0, '', NULL, 0x3a3a3100000000000000000000000000, '2019-12-04 12:30:25', NULL, 0),
(0, '', NULL, 0x3a3a3100000000000000000000000000, '2019-12-04 12:30:25', NULL, 0),
(0, '', NULL, 0x3a3a3100000000000000000000000000, '2019-12-04 12:30:25', NULL, 0),
(0, '', NULL, 0x3a3a3100000000000000000000000000, '2019-12-04 12:30:25', NULL, 0),
(0, '', NULL, 0x3a3a3100000000000000000000000000, '2019-12-04 12:30:26', NULL, 0),
(0, '', NULL, 0x3a3a3100000000000000000000000000, '2019-12-04 12:30:26', NULL, 0),
(0, '', NULL, 0x3a3a3100000000000000000000000000, '2019-12-04 12:30:26', NULL, 0),
(0, '', NULL, 0x3a3a3100000000000000000000000000, '2019-12-04 12:30:26', NULL, 0),
(0, '', NULL, 0x3a3a3100000000000000000000000000, '2019-12-04 12:30:26', NULL, 0),
(0, '', NULL, 0x3a3a3100000000000000000000000000, '2019-12-04 12:30:26', NULL, 0),
(0, '', NULL, 0x3a3a3100000000000000000000000000, '2019-12-04 12:30:26', NULL, 0),
(0, '', NULL, 0x3a3a3100000000000000000000000000, '2019-12-04 12:30:26', NULL, 0),
(0, '', NULL, 0x3a3a3100000000000000000000000000, '2019-12-04 12:30:26', NULL, 0),
(0, '', NULL, 0x3a3a3100000000000000000000000000, '2019-12-04 12:30:26', NULL, 0),
(0, '', NULL, 0x3a3a3100000000000000000000000000, '2019-12-04 12:30:26', NULL, 0),
(0, '', NULL, 0x3a3a3100000000000000000000000000, '2019-12-04 12:30:26', NULL, 0),
(0, '', NULL, 0x3a3a3100000000000000000000000000, '2019-12-04 12:30:26', NULL, 0),
(0, '', NULL, 0x3a3a3100000000000000000000000000, '2019-12-04 12:30:26', NULL, 0),
(0, '', NULL, 0x3a3a3100000000000000000000000000, '2019-12-04 12:30:26', NULL, 0),
(0, '', NULL, 0x3a3a3100000000000000000000000000, '2019-12-04 12:30:26', NULL, 0),
(0, '', NULL, 0x3a3a3100000000000000000000000000, '2019-12-04 12:30:27', NULL, 0),
(0, '', NULL, 0x3a3a3100000000000000000000000000, '2019-12-04 12:30:27', NULL, 0),
(0, '', NULL, 0x3a3a3100000000000000000000000000, '2019-12-04 12:30:27', NULL, 0),
(0, '', NULL, 0x3a3a3100000000000000000000000000, '2019-12-04 12:30:27', NULL, 0),
(0, '', NULL, 0x3a3a3100000000000000000000000000, '2019-12-04 12:30:27', NULL, 0),
(0, '', NULL, 0x3a3a3100000000000000000000000000, '2019-12-04 12:30:27', NULL, 0),
(0, '', NULL, 0x3a3a3100000000000000000000000000, '2019-12-04 12:30:27', NULL, 0),
(0, '', NULL, 0x3a3a3100000000000000000000000000, '2019-12-04 12:30:27', NULL, 0),
(0, '', NULL, 0x3a3a3100000000000000000000000000, '2019-12-04 12:30:27', NULL, 0),
(0, '', NULL, 0x3a3a3100000000000000000000000000, '2019-12-04 12:30:27', NULL, 0),
(0, '', NULL, 0x3a3a3100000000000000000000000000, '2019-12-04 12:30:27', NULL, 0),
(0, '', NULL, 0x3a3a3100000000000000000000000000, '2019-12-04 12:30:27', NULL, 0),
(0, '', NULL, 0x3a3a3100000000000000000000000000, '2019-12-04 12:30:33', NULL, 0),
(0, '', NULL, 0x3a3a3100000000000000000000000000, '2019-12-04 12:30:33', NULL, 0),
(0, '', NULL, 0x3a3a3100000000000000000000000000, '2019-12-04 12:30:33', NULL, 0),
(0, '', NULL, 0x3a3a3100000000000000000000000000, '2019-12-04 12:30:33', NULL, 0),
(0, '', NULL, 0x3a3a3100000000000000000000000000, '2019-12-04 12:30:33', NULL, 0),
(0, '', NULL, 0x3a3a3100000000000000000000000000, '2019-12-04 12:30:33', NULL, 0),
(0, '', NULL, 0x3a3a3100000000000000000000000000, '2019-12-04 12:30:33', NULL, 0),
(0, '', NULL, 0x3a3a3100000000000000000000000000, '2019-12-04 12:30:33', NULL, 0),
(0, '', NULL, 0x3a3a3100000000000000000000000000, '2019-12-04 12:30:33', NULL, 0),
(0, '', NULL, 0x3a3a3100000000000000000000000000, '2019-12-04 12:30:33', NULL, 0),
(0, '', NULL, 0x3a3a3100000000000000000000000000, '2019-12-04 12:30:33', NULL, 0),
(0, '', NULL, 0x3a3a3100000000000000000000000000, '2019-12-04 12:30:33', NULL, 0),
(0, '', NULL, 0x3a3a3100000000000000000000000000, '2019-12-04 12:30:33', NULL, 0),
(0, '', NULL, 0x3a3a3100000000000000000000000000, '2019-12-04 12:30:33', NULL, 0),
(0, '', NULL, 0x3a3a3100000000000000000000000000, '2019-12-04 12:30:33', NULL, 0),
(0, '', NULL, 0x3a3a3100000000000000000000000000, '2019-12-04 12:30:34', NULL, 0),
(0, '', NULL, 0x3a3a3100000000000000000000000000, '2019-12-04 12:30:34', NULL, 0),
(0, '', NULL, 0x3a3a3100000000000000000000000000, '2019-12-04 12:30:34', NULL, 0),
(0, '', NULL, 0x3a3a3100000000000000000000000000, '2019-12-04 12:30:34', NULL, 0),
(0, '', NULL, 0x3a3a3100000000000000000000000000, '2019-12-04 12:30:34', NULL, 0),
(0, '', NULL, 0x3a3a3100000000000000000000000000, '2019-12-04 12:30:34', NULL, 0),
(0, '', NULL, 0x3a3a3100000000000000000000000000, '2019-12-04 12:30:34', NULL, 0),
(0, '', NULL, 0x3a3a3100000000000000000000000000, '2019-12-04 12:30:34', NULL, 0),
(0, '', NULL, 0x3a3a3100000000000000000000000000, '2019-12-04 12:30:34', NULL, 0),
(0, '', NULL, 0x3a3a3100000000000000000000000000, '2019-12-04 12:30:34', NULL, 0),
(0, '', NULL, 0x3a3a3100000000000000000000000000, '2019-12-04 12:30:34', NULL, 0),
(0, '', NULL, 0x3a3a3100000000000000000000000000, '2019-12-04 12:30:34', NULL, 0),
(0, '', NULL, 0x3a3a3100000000000000000000000000, '2019-12-04 12:30:34', NULL, 0),
(0, '', NULL, 0x3a3a3100000000000000000000000000, '2019-12-04 12:30:34', NULL, 0),
(0, '', NULL, 0x3a3a3100000000000000000000000000, '2019-12-04 12:30:34', NULL, 0),
(0, '', NULL, 0x3a3a3100000000000000000000000000, '2019-12-04 12:30:34', NULL, 0),
(0, '', NULL, 0x3a3a3100000000000000000000000000, '2019-12-04 12:30:34', NULL, 0),
(0, '', NULL, 0x3a3a3100000000000000000000000000, '2019-12-04 12:30:34', NULL, 0),
(0, '', NULL, 0x3a3a3100000000000000000000000000, '2019-12-04 12:30:35', NULL, 0),
(0, '', NULL, 0x3a3a3100000000000000000000000000, '2019-12-04 12:30:35', NULL, 0),
(0, '', NULL, 0x3a3a3100000000000000000000000000, '2019-12-04 12:30:35', NULL, 0),
(0, '', NULL, 0x3a3a3100000000000000000000000000, '2019-12-04 12:30:35', NULL, 0),
(0, '', NULL, 0x3a3a3100000000000000000000000000, '2019-12-04 12:30:35', NULL, 0),
(0, '', NULL, 0x3a3a3100000000000000000000000000, '2019-12-04 12:30:35', NULL, 0),
(0, '', NULL, 0x3a3a3100000000000000000000000000, '2019-12-04 12:30:35', NULL, 0),
(0, '', NULL, 0x3a3a3100000000000000000000000000, '2019-12-04 12:30:40', NULL, 0),
(0, '', NULL, 0x3a3a3100000000000000000000000000, '2019-12-04 12:30:40', NULL, 0),
(0, '', NULL, 0x3a3a3100000000000000000000000000, '2019-12-04 12:30:40', NULL, 0),
(0, '', NULL, 0x3a3a3100000000000000000000000000, '2019-12-04 12:30:40', NULL, 0),
(0, '', NULL, 0x3a3a3100000000000000000000000000, '2019-12-04 12:30:40', NULL, 0),
(0, '', NULL, 0x3a3a3100000000000000000000000000, '2019-12-04 12:30:40', NULL, 0),
(0, '', NULL, 0x3a3a3100000000000000000000000000, '2019-12-04 12:30:40', NULL, 0),
(0, '', NULL, 0x3a3a3100000000000000000000000000, '2019-12-04 12:30:40', NULL, 0),
(0, '', NULL, 0x3a3a3100000000000000000000000000, '2019-12-04 12:30:40', NULL, 0),
(0, '', NULL, 0x3a3a3100000000000000000000000000, '2019-12-04 12:30:40', NULL, 0),
(0, '', NULL, 0x3a3a3100000000000000000000000000, '2019-12-04 12:30:40', NULL, 0),
(0, '', NULL, 0x3a3a3100000000000000000000000000, '2019-12-04 12:30:40', NULL, 0),
(0, '', NULL, 0x3a3a3100000000000000000000000000, '2019-12-04 12:30:40', NULL, 0),
(0, '', NULL, 0x3a3a3100000000000000000000000000, '2019-12-04 12:30:40', NULL, 0),
(0, '', NULL, 0x3a3a3100000000000000000000000000, '2019-12-04 12:30:40', NULL, 0),
(0, '', NULL, 0x3a3a3100000000000000000000000000, '2019-12-04 12:30:40', NULL, 0),
(0, '', NULL, 0x3a3a3100000000000000000000000000, '2019-12-04 12:30:40', NULL, 0),
(0, '', NULL, 0x3a3a3100000000000000000000000000, '2019-12-04 12:30:40', NULL, 0),
(0, '', NULL, 0x3a3a3100000000000000000000000000, '2019-12-04 12:30:40', NULL, 0),
(0, '', NULL, 0x3a3a3100000000000000000000000000, '2019-12-04 12:30:40', NULL, 0),
(0, '', NULL, 0x3a3a3100000000000000000000000000, '2019-12-04 12:30:56', NULL, 0),
(0, '', NULL, 0x3a3a3100000000000000000000000000, '2019-12-04 12:30:56', NULL, 0),
(0, '', NULL, 0x3a3a3100000000000000000000000000, '2019-12-04 12:30:56', NULL, 0),
(0, '', NULL, 0x3a3a3100000000000000000000000000, '2019-12-04 12:30:56', NULL, 0),
(0, '', NULL, 0x3a3a3100000000000000000000000000, '2019-12-04 12:30:56', NULL, 0),
(0, '', NULL, 0x3a3a3100000000000000000000000000, '2019-12-04 12:30:56', NULL, 0),
(0, '', NULL, 0x3a3a3100000000000000000000000000, '2019-12-04 12:30:56', NULL, 0),
(0, '', NULL, 0x3a3a3100000000000000000000000000, '2019-12-04 12:30:56', NULL, 0),
(0, '', NULL, 0x3a3a3100000000000000000000000000, '2019-12-04 12:30:56', NULL, 0),
(0, '', NULL, 0x3a3a3100000000000000000000000000, '2019-12-04 12:30:56', NULL, 0),
(0, '', NULL, 0x3a3a3100000000000000000000000000, '2019-12-04 12:30:56', NULL, 0),
(0, '', NULL, 0x3a3a3100000000000000000000000000, '2019-12-04 12:30:56', NULL, 0),
(0, '', NULL, 0x3a3a3100000000000000000000000000, '2019-12-04 12:30:56', NULL, 0),
(0, '', NULL, 0x3a3a3100000000000000000000000000, '2019-12-04 12:30:56', NULL, 0),
(0, '', NULL, 0x3a3a3100000000000000000000000000, '2019-12-04 12:30:56', NULL, 0),
(0, '', NULL, 0x3a3a3100000000000000000000000000, '2019-12-04 12:30:56', NULL, 0),
(0, '', NULL, 0x3a3a3100000000000000000000000000, '2019-12-04 12:30:56', NULL, 0),
(0, '', NULL, 0x3a3a3100000000000000000000000000, '2019-12-04 12:30:56', NULL, 0),
(0, '', NULL, 0x3a3a3100000000000000000000000000, '2019-12-04 12:30:56', NULL, 0),
(0, '', NULL, 0x3a3a3100000000000000000000000000, '2019-12-04 12:30:56', NULL, 0),
(0, '', NULL, 0x3a3a3100000000000000000000000000, '2019-12-04 12:32:00', NULL, 0),
(0, '', NULL, 0x3a3a3100000000000000000000000000, '2019-12-04 12:32:00', NULL, 0),
(0, '', NULL, 0x3a3a3100000000000000000000000000, '2019-12-04 12:32:00', NULL, 0),
(0, '', NULL, 0x3a3a3100000000000000000000000000, '2019-12-04 12:32:00', NULL, 0),
(0, '', NULL, 0x3a3a3100000000000000000000000000, '2019-12-04 12:32:00', NULL, 0),
(0, '', NULL, 0x3a3a3100000000000000000000000000, '2019-12-04 12:32:00', NULL, 0),
(0, '', NULL, 0x3a3a3100000000000000000000000000, '2019-12-04 12:32:00', NULL, 0),
(0, '', NULL, 0x3a3a3100000000000000000000000000, '2019-12-04 12:32:00', NULL, 0),
(0, '', NULL, 0x3a3a3100000000000000000000000000, '2019-12-04 12:32:00', NULL, 0),
(0, '', NULL, 0x3a3a3100000000000000000000000000, '2019-12-04 12:32:00', NULL, 0),
(0, '', NULL, 0x3a3a3100000000000000000000000000, '2019-12-04 12:32:00', NULL, 0),
(0, '', NULL, 0x3a3a3100000000000000000000000000, '2019-12-04 12:32:00', NULL, 0),
(0, '', NULL, 0x3a3a3100000000000000000000000000, '2019-12-04 12:32:00', NULL, 0),
(0, '', NULL, 0x3a3a3100000000000000000000000000, '2019-12-04 12:32:00', NULL, 0),
(0, '', NULL, 0x3a3a3100000000000000000000000000, '2019-12-04 12:32:01', NULL, 0),
(0, '', NULL, 0x3a3a3100000000000000000000000000, '2019-12-04 12:32:01', NULL, 0),
(0, '', NULL, 0x3a3a3100000000000000000000000000, '2019-12-04 12:32:01', NULL, 0),
(0, '', NULL, 0x3a3a3100000000000000000000000000, '2019-12-04 12:32:01', NULL, 0),
(0, '', NULL, 0x3a3a3100000000000000000000000000, '2019-12-04 12:32:01', NULL, 0),
(0, '', NULL, 0x3a3a3100000000000000000000000000, '2019-12-04 12:32:01', NULL, 0),
(0, 'E302', NULL, 0x3a3a3100000000000000000000000000, '2019-12-04 12:33:22', NULL, 1),
(0, 'E302', NULL, 0x3a3a3100000000000000000000000000, '2019-12-04 12:33:47', NULL, 1),
(0, 'sudo', NULL, 0x3a3a3100000000000000000000000000, '2019-12-04 13:02:15', NULL, 1),
(0, 'E302', NULL, 0x3a3a3100000000000000000000000000, '2019-12-04 15:35:52', NULL, 1),
(0, 'E302', NULL, 0x3a3a3100000000000000000000000000, '2019-12-05 12:44:52', NULL, 1),
(0, 'admin', NULL, 0x3a3a3100000000000000000000000000, '2019-12-05 21:27:27', NULL, 1),
(0, 'E302', NULL, 0x3a3a3100000000000000000000000000, '2019-12-05 21:33:09', NULL, 1),
(0, 'E302', NULL, 0x3a3a3100000000000000000000000000, '2019-12-05 22:28:19', NULL, 1),
(0, 'E302', NULL, 0x3a3a3100000000000000000000000000, '2019-12-05 22:54:28', NULL, 1),
(0, 'E302', NULL, 0x3a3a3100000000000000000000000000, '2019-12-06 22:42:20', NULL, 1),
(0, 'E302', NULL, 0x3a3a3100000000000000000000000000, '2019-12-06 23:34:49', NULL, 1),
(0, 'E302', NULL, 0x3a3a3100000000000000000000000000, '2019-12-06 23:36:22', NULL, 1),
(0, 'E302', NULL, 0x3a3a3100000000000000000000000000, '2019-12-07 00:14:32', NULL, 1),
(0, 'E302', NULL, 0x3a3a3100000000000000000000000000, '2019-12-07 01:03:37', NULL, 1),
(0, 'E302', NULL, 0x3a3a3100000000000000000000000000, '2019-12-07 14:03:06', NULL, 1),
(0, '', NULL, 0x3a3a3100000000000000000000000000, '2019-12-07 22:08:54', NULL, 0),
(0, 'Test1', NULL, 0x3a3a3100000000000000000000000000, '2019-12-07 22:09:04', NULL, 1),
(0, 'host', NULL, 0x3a3a3100000000000000000000000000, '2019-12-07 22:10:31', NULL, 1),
(0, 'E302', NULL, 0x3a3a3100000000000000000000000000, '2019-12-08 00:40:49', NULL, 1),
(0, 'admin', NULL, 0x3a3a3100000000000000000000000000, '2019-12-09 13:05:56', NULL, 1),
(0, 'admin', NULL, 0x3a3a3100000000000000000000000000, '2019-12-16 00:58:30', NULL, 1),
(0, 'admin', NULL, 0x3a3a3100000000000000000000000000, '2019-12-18 05:12:54', NULL, 1),
(0, 'admin', NULL, 0x3a3a3100000000000000000000000000, '2019-12-22 10:58:49', NULL, 1),
(0, 'admin', NULL, 0x3a3a3100000000000000000000000000, '2019-12-22 11:28:10', NULL, 1),
(0, 'admin', NULL, 0x3a3a3100000000000000000000000000, '2019-12-24 18:11:46', NULL, 1),
(0, 'admin', NULL, 0x3a3a3100000000000000000000000000, '2019-12-29 08:30:45', NULL, 1),
(0, 'E302', NULL, 0x3a3a3100000000000000000000000000, '2019-12-29 15:41:52', NULL, 1),
(0, 'E302', NULL, 0x3a3a3100000000000000000000000000, '2019-12-29 15:48:23', NULL, 1),
(0, 'E302', NULL, 0x3a3a3100000000000000000000000000, '2019-12-29 16:22:19', NULL, 1),
(0, 'admin', NULL, 0x3a3a3100000000000000000000000000, '2019-12-30 07:33:00', NULL, 1),
(0, 'admin', NULL, 0x3a3a3100000000000000000000000000, '2020-01-04 06:27:18', NULL, 1),
(0, 'E302', NULL, 0x3a3a3100000000000000000000000000, '2020-01-04 06:28:43', NULL, 1),
(0, 'e302', NULL, 0x3a3a3100000000000000000000000000, '2020-01-04 06:28:51', NULL, 1),
(0, 'admin', NULL, 0x3a3a3100000000000000000000000000, '2020-01-05 09:18:16', NULL, 1),
(0, 'E302', NULL, 0x3a3a3100000000000000000000000000, '2020-01-05 10:07:51', NULL, 1),
(0, 'admin', NULL, 0x3a3a3100000000000000000000000000, '2020-01-06 16:27:17', NULL, 1),
(0, 'E302', NULL, 0x3a3a3100000000000000000000000000, '2020-01-06 16:29:14', NULL, 1),
(0, 'e302', NULL, 0x3132372e302e302e3100000000000000, '2020-01-06 17:10:16', NULL, 1),
(0, 'E302', NULL, 0x3a3a3100000000000000000000000000, '2020-01-06 19:28:10', NULL, 1),
(0, 'E302', NULL, 0x3a3a3100000000000000000000000000, '2020-01-06 19:30:21', NULL, 1),
(0, 'E302', NULL, 0x3a3a3100000000000000000000000000, '2020-01-06 19:33:07', NULL, 1),
(0, 'E302', NULL, 0x3a3a3100000000000000000000000000, '2020-01-06 19:37:22', NULL, 1),
(0, 'E302', NULL, 0x3a3a3100000000000000000000000000, '2020-01-06 19:40:06', NULL, 1),
(0, 'E302', NULL, 0x3a3a3100000000000000000000000000, '2020-01-06 19:42:51', NULL, 1),
(0, 'E302', NULL, 0x3a3a3100000000000000000000000000, '2020-01-06 19:45:05', NULL, 1),
(0, 'E302', NULL, 0x3a3a3100000000000000000000000000, '2020-01-06 19:46:13', NULL, 1),
(0, 'E302', NULL, 0x3a3a3100000000000000000000000000, '2020-01-06 19:48:15', NULL, 1),
(0, 'E302', NULL, 0x3a3a3100000000000000000000000000, '2020-01-06 19:59:37', NULL, 1),
(0, 'E302', NULL, 0x3a3a3100000000000000000000000000, '2020-01-06 20:00:01', NULL, 1),
(0, 'E302', NULL, 0x3a3a3100000000000000000000000000, '2020-01-06 20:04:51', NULL, 1),
(0, 'E302', NULL, 0x3a3a3100000000000000000000000000, '2020-01-06 20:06:18', NULL, 1),
(0, 'E302', NULL, 0x3a3a3100000000000000000000000000, '2020-01-06 20:07:43', NULL, 1),
(0, 'E302', NULL, 0x3a3a3100000000000000000000000000, '2020-01-06 20:10:17', NULL, 1),
(0, 'E302', NULL, 0x3a3a3100000000000000000000000000, '2020-01-06 20:15:38', NULL, 1),
(0, 'E302', NULL, 0x3a3a3100000000000000000000000000, '2020-01-06 20:22:02', NULL, 1),
(0, 'E302', NULL, 0x3a3a3100000000000000000000000000, '2020-01-06 20:23:42', NULL, 1),
(0, 'E302', NULL, 0x3a3a3100000000000000000000000000, '2020-01-06 20:27:37', NULL, 1),
(0, 'E302', NULL, 0x3a3a3100000000000000000000000000, '2020-01-06 20:28:49', NULL, 1),
(0, 'E302', NULL, 0x3a3a3100000000000000000000000000, '2020-01-06 20:29:43', NULL, 1),
(0, 'E302', NULL, 0x3a3a3100000000000000000000000000, '2020-01-06 20:30:33', NULL, 1),
(0, 'E302', NULL, 0x3a3a3100000000000000000000000000, '2020-01-06 20:34:40', NULL, 1),
(0, 'E302', NULL, 0x3a3a3100000000000000000000000000, '2020-01-06 20:35:09', NULL, 1),
(0, 'E302', NULL, 0x3a3a3100000000000000000000000000, '2020-01-06 20:36:22', NULL, 1),
(0, 'E302', NULL, 0x3a3a3100000000000000000000000000, '2020-01-06 20:45:29', NULL, 1),
(0, 'E302', NULL, 0x3a3a3100000000000000000000000000, '2020-01-06 20:57:09', NULL, 1),
(0, 'E302', NULL, 0x3a3a3100000000000000000000000000, '2020-01-06 21:02:50', NULL, 1),
(0, 'E302', NULL, 0x3a3a3100000000000000000000000000, '2020-01-06 21:03:53', NULL, 1),
(0, 'E302', NULL, 0x3a3a3100000000000000000000000000, '2020-01-06 21:08:12', NULL, 1),
(0, 'E302', NULL, 0x3a3a3100000000000000000000000000, '2020-01-06 21:36:44', NULL, 1),
(0, 'E302', NULL, 0x3a3a3100000000000000000000000000, '2020-01-06 21:42:43', NULL, 1),
(0, 'E302', NULL, 0x3a3a3100000000000000000000000000, '2020-01-06 22:02:53', NULL, 1),
(0, 'E302', NULL, 0x3a3a3100000000000000000000000000, '2020-01-06 23:47:42', NULL, 1),
(0, 'E302', NULL, 0x3a3a3100000000000000000000000000, '2020-01-06 23:48:27', NULL, 1),
(0, 'E302', NULL, 0x3a3a3100000000000000000000000000, '2020-01-06 23:59:34', NULL, 1),
(0, 'E302', NULL, 0x3a3a3100000000000000000000000000, '2020-01-07 00:00:27', NULL, 1),
(0, 'E302', NULL, 0x3a3a3100000000000000000000000000, '2020-01-07 00:01:19', NULL, 1),
(0, 'E302', NULL, 0x3a3a3100000000000000000000000000, '2020-01-07 00:15:00', NULL, 1),
(0, 'E302', NULL, 0x3a3a3100000000000000000000000000, '2020-01-07 00:21:21', NULL, 1),
(0, 'E302', NULL, 0x3a3a3100000000000000000000000000, '2020-01-07 00:26:29', NULL, 1),
(0, 'E302', NULL, 0x3a3a3100000000000000000000000000, '2020-01-07 00:29:24', NULL, 1),
(0, 'E302', NULL, 0x3a3a3100000000000000000000000000, '2020-01-07 00:49:37', NULL, 1),
(0, 'E302', NULL, 0x3a3a3100000000000000000000000000, '2020-01-07 00:50:38', NULL, 1),
(0, 'E302', NULL, 0x3a3a3100000000000000000000000000, '2020-01-07 00:52:34', NULL, 1),
(0, 'E302', NULL, 0x3a3a3100000000000000000000000000, '2020-01-07 00:54:40', NULL, 1),
(0, 'E302', NULL, 0x3a3a3100000000000000000000000000, '2020-01-07 01:08:24', NULL, 1),
(0, 'E302', NULL, 0x3a3a3100000000000000000000000000, '2020-01-07 01:18:13', NULL, 1),
(0, 'E302', NULL, 0x3a3a3100000000000000000000000000, '2020-01-07 01:21:45', NULL, 1),
(0, 'E302', NULL, 0x3a3a3100000000000000000000000000, '2020-01-07 01:26:32', NULL, 1),
(0, 'admin', NULL, 0x3a3a3100000000000000000000000000, '2020-01-08 05:32:46', NULL, 1),
(0, 'e302', NULL, 0x3a3a3100000000000000000000000000, '2020-01-08 17:37:51', NULL, 1),
(0, 'admin', NULL, 0x3a3a3100000000000000000000000000, '2020-01-08 17:43:32', NULL, 1),
(0, 'e302', NULL, 0x3a3a3100000000000000000000000000, '2020-01-08 18:01:48', NULL, 1),
(0, 'e302', NULL, 0x3a3a3100000000000000000000000000, '2020-01-08 18:02:40', NULL, 1),
(0, 'e302', NULL, 0x3a3a3100000000000000000000000000, '2020-01-08 18:39:39', NULL, 1),
(0, 'e302', NULL, 0x3a3a3100000000000000000000000000, '2020-01-08 18:40:15', NULL, 1),
(0, 'e302', NULL, 0x3a3a3100000000000000000000000000, '2020-01-08 19:30:42', NULL, 1),
(0, 'e302', NULL, 0x3a3a3100000000000000000000000000, '2020-01-09 07:49:07', NULL, 1),
(0, 'e302', NULL, 0x3a3a3100000000000000000000000000, '2020-01-09 07:53:59', NULL, 1),
(0, 'e302', NULL, 0x3a3a3100000000000000000000000000, '2020-01-09 08:04:44', NULL, 1),
(0, 'e302', NULL, 0x3a3a3100000000000000000000000000, '2020-01-09 08:20:59', NULL, 1),
(0, 'e302', NULL, 0x3a3a3100000000000000000000000000, '2020-01-09 14:43:14', NULL, 1),
(0, 'e302', NULL, 0x3a3a3100000000000000000000000000, '2020-01-09 16:01:23', NULL, 1),
(0, 'e302', NULL, 0x3a3a3100000000000000000000000000, '2020-01-09 16:39:46', NULL, 1),
(0, 'e302', NULL, 0x3a3a3100000000000000000000000000, '2020-01-09 16:46:09', NULL, 1),
(0, 'e302', NULL, 0x3a3a3100000000000000000000000000, '2020-01-09 17:05:01', NULL, 1),
(0, 'e302', NULL, 0x3a3a3100000000000000000000000000, '2020-01-09 17:38:29', NULL, 1),
(0, 'e302', NULL, 0x3a3a3100000000000000000000000000, '2020-01-09 18:45:13', NULL, 1),
(0, 'e302', NULL, 0x3a3a3100000000000000000000000000, '2020-01-09 18:55:35', NULL, 1),
(0, 'e302', NULL, 0x3a3a3100000000000000000000000000, '2020-01-09 19:25:17', NULL, 1),
(0, 'e302', NULL, 0x3a3a3100000000000000000000000000, '2020-01-09 19:26:20', NULL, 1),
(0, 'e302', NULL, 0x3a3a3100000000000000000000000000, '2020-01-09 19:27:04', NULL, 1),
(0, 'e302', NULL, 0x3a3a3100000000000000000000000000, '2020-01-09 19:28:05', NULL, 1),
(0, 'e302', NULL, 0x3a3a3100000000000000000000000000, '2020-01-09 19:28:17', NULL, 1),
(0, 'e302', NULL, 0x3a3a3100000000000000000000000000, '2020-01-09 19:31:23', NULL, 1),
(0, 'e302', NULL, 0x3a3a3100000000000000000000000000, '2020-01-09 19:50:57', NULL, 1),
(0, 'e302', NULL, 0x3a3a3100000000000000000000000000, '2020-01-09 20:57:01', NULL, 1),
(0, 'e302', NULL, 0x3a3a3100000000000000000000000000, '2020-01-09 21:33:02', NULL, 1),
(0, 'e302', NULL, 0x3a3a3100000000000000000000000000, '2020-01-09 23:05:35', NULL, 1),
(0, 'admin', NULL, 0x3a3a3100000000000000000000000000, '2020-01-10 00:24:58', NULL, 1),
(0, 'E302A', NULL, 0x3a3a3100000000000000000000000000, '2020-01-10 00:26:11', NULL, 1),
(0, 'e302', NULL, 0x3a3a3100000000000000000000000000, '2020-01-10 01:54:16', NULL, 1),
(0, 'e302', NULL, 0x3a3a3100000000000000000000000000, '2020-01-10 02:17:38', NULL, 1),
(0, 'e302', NULL, 0x3a3a3100000000000000000000000000, '2020-01-10 02:28:00', NULL, 1),
(0, 'e302', NULL, 0x3a3a3100000000000000000000000000, '2020-01-10 02:59:55', NULL, 1),
(0, 'e302', NULL, 0x3a3a3100000000000000000000000000, '2020-01-10 03:00:41', NULL, 1),
(0, 'admin', NULL, 0x3a3a3100000000000000000000000000, '2020-01-10 03:31:07', NULL, 1),
(0, 'e302', NULL, 0x3a3a3100000000000000000000000000, '2020-01-10 03:36:11', NULL, 1),
(0, 'admin', NULL, 0x3a3a3100000000000000000000000000, '2020-01-10 03:40:45', NULL, 1),
(0, 'E409A', NULL, 0x3a3a3100000000000000000000000000, '2020-01-10 03:49:56', NULL, 1),
(0, 'admin', NULL, 0x3a3a3100000000000000000000000000, '2020-01-10 03:56:06', NULL, 1),
(0, 'admin', NULL, 0x3a3a3100000000000000000000000000, '2020-01-10 04:19:09', NULL, 1),
(0, 'admin', NULL, 0x3a3a3100000000000000000000000000, '2020-01-10 04:28:07', NULL, 1),
(0, 'E410A', NULL, 0x3a3a3100000000000000000000000000, '2020-01-10 04:29:40', NULL, 1),
(0, 'E302', NULL, 0x3a3a3100000000000000000000000000, '2020-01-10 04:32:04', NULL, 1);

-- --------------------------------------------------------

--
-- Table structure for table `users`
--

CREATE TABLE `users` (
  `id` int(11) NOT NULL,
  `firstname` varchar(255) NOT NULL,
  `lastname` varchar(255) NOT NULL,
  `age` varchar(255) NOT NULL,
  `unitno` varchar(255) NOT NULL,
  `email` varchar(255) NOT NULL,
  `password` varchar(255) NOT NULL,
  `contactno` varchar(255) NOT NULL,
  `altcontactno` varchar(255) NOT NULL
) ENGINE=InnoDB DEFAULT CHARSET=latin1;

--
-- Dumping data for table `users`
--

INSERT INTO `users` (`id`, `firstname`, `lastname`, `age`, `unitno`, `email`, `password`, `contactno`, `altcontactno`) VALUES
(1, 'Duane', 'DeSalvo', '55', 'E302', 'duane.desalvo@gmail.com', 'asd', '306065801', '507064834'),
(3, 'Rah', 'Vul', '34', 'E302A', 'test@test.com', 'asdasdasd', '234234234234', '234234234234234'),
(4, 'Jinsang', 'Nakamoto', '49', 'E409A', 'test@justamail.com', 'password', '1333888445', ''),
(5, 'Isabella', 'James', '55', 'E410A', 'hello@test.com', 'password', '5489334455', '');

-- --------------------------------------------------------

--
-- Table structure for table `weeklymenu`
--

CREATE TABLE `weeklymenu` (
  `id` int(11) NOT NULL,
  `diningdate` date NOT NULL,
  `diningtime` time NOT NULL,
  `dishname1` varchar(255) NOT NULL,
  `dishname2` varchar(255) NOT NULL,
  `roomid` int(50) NOT NULL
) ENGINE=InnoDB DEFAULT CHARSET=latin1;

--
-- Dumping data for table `weeklymenu`
--

INSERT INTO `weeklymenu` (`id`, `diningdate`, `diningtime`, `dishname1`, `dishname2`, `roomid`) VALUES
(1, '2020-01-13', '20:30:00', 'Bread Basket', 'Apple Pie', 0),
(2, '2020-01-14', '17:30:00', 'Apple Pie', 'Pasta Bolognese', 0),
(3, '2020-01-15', '19:30:00', 'Tawa Shawarma', 'Tuna Sandwich', 0),
(4, '2020-01-13', '19:30:00', 'Pasta Bolognese', 'Tuna Sandwich', 0);

--
-- Indexes for dumped tables
--

--
-- Indexes for table `admins`
--
ALTER TABLE `admins`
  ADD PRIMARY KEY (`id`);

--
-- Indexes for table `chef`
--
ALTER TABLE `chef`
  ADD PRIMARY KEY (`id`);

--
-- Indexes for table `dinertype`
--
ALTER TABLE `dinertype`
  ADD PRIMARY KEY (`dinerid`);

--
-- Indexes for table `diningdates`
--
ALTER TABLE `diningdates`
  ADD PRIMARY KEY (`id`);

--
-- Indexes for table `dish`
--
ALTER TABLE `dish`
  ADD PRIMARY KEY (`id`);

--
-- Indexes for table `host`
--
ALTER TABLE `host`
  ADD PRIMARY KEY (`id`);

--
-- Indexes for table `menu`
--
ALTER TABLE `menu`
  ADD PRIMARY KEY (`id`);

--
-- Indexes for table `pricingmodels`
--
ALTER TABLE `pricingmodels`
  ADD PRIMARY KEY (`id`);

--
-- Indexes for table `reservation`
--
ALTER TABLE `reservation`
  ADD PRIMARY KEY (`id`);

--
-- Indexes for table `room`
--
ALTER TABLE `room`
  ADD PRIMARY KEY (`id`);

--
-- Indexes for table `tablelayout`
--
ALTER TABLE `tablelayout`
  ADD PRIMARY KEY (`id`);

--
-- Indexes for table `users`
--
ALTER TABLE `users`
  ADD PRIMARY KEY (`id`);

--
-- Indexes for table `weeklymenu`
--
ALTER TABLE `weeklymenu`
  ADD PRIMARY KEY (`id`);

--
-- AUTO_INCREMENT for dumped tables
--

--
-- AUTO_INCREMENT for table `admins`
--
ALTER TABLE `admins`
  MODIFY `id` int(11) NOT NULL AUTO_INCREMENT, AUTO_INCREMENT=2;

--
-- AUTO_INCREMENT for table `chef`
--
ALTER TABLE `chef`
  MODIFY `id` int(11) NOT NULL AUTO_INCREMENT, AUTO_INCREMENT=4;

--
-- AUTO_INCREMENT for table `diningdates`
--
ALTER TABLE `diningdates`
  MODIFY `id` int(11) NOT NULL AUTO_INCREMENT, AUTO_INCREMENT=5;

--
-- AUTO_INCREMENT for table `dish`
--
ALTER TABLE `dish`
  MODIFY `id` int(11) NOT NULL AUTO_INCREMENT, AUTO_INCREMENT=39;

--
-- AUTO_INCREMENT for table `host`
--
ALTER TABLE `host`
  MODIFY `id` int(11) NOT NULL AUTO_INCREMENT, AUTO_INCREMENT=5;

--
-- AUTO_INCREMENT for table `menu`
--
ALTER TABLE `menu`
  MODIFY `id` int(50) NOT NULL AUTO_INCREMENT, AUTO_INCREMENT=7;

--
-- AUTO_INCREMENT for table `reservation`
--
ALTER TABLE `reservation`
  MODIFY `id` int(11) NOT NULL AUTO_INCREMENT, AUTO_INCREMENT=4;

--
-- AUTO_INCREMENT for table `room`
--
ALTER TABLE `room`
  MODIFY `id` int(11) NOT NULL AUTO_INCREMENT, AUTO_INCREMENT=3;

--
-- AUTO_INCREMENT for table `tablelayout`
--
ALTER TABLE `tablelayout`
  MODIFY `id` int(11) NOT NULL AUTO_INCREMENT, AUTO_INCREMENT=15;

--
-- AUTO_INCREMENT for table `users`
--
ALTER TABLE `users`
  MODIFY `id` int(11) NOT NULL AUTO_INCREMENT, AUTO_INCREMENT=6;

--
-- AUTO_INCREMENT for table `weeklymenu`
--
ALTER TABLE `weeklymenu`
  MODIFY `id` int(11) NOT NULL AUTO_INCREMENT, AUTO_INCREMENT=5;
COMMIT;

/*!40101 SET CHARACTER_SET_CLIENT=@OLD_CHARACTER_SET_CLIENT */;
/*!40101 SET CHARACTER_SET_RESULTS=@OLD_CHARACTER_SET_RESULTS */;
/*!40101 SET COLLATION_CONNECTION=@OLD_COLLATION_CONNECTION */;
